DAY,IRRAD,TMIN,TMAX,VAP,WIND,RAIN
2004-01-01,,-0.7,1.1,0.55,3.6,0.5
2004-01-02,3888.0,-7.5,0.9,0.44,3.1,0.0
2004-01-03,2074.0,-6.8,-0.5,0.45,1.8,0.0
2004-01-04,1814.0,-3.6,5.9,0.66,3.2,2.5
2004-01-05,1469.0,3.0,5.7,0.78,2.3,1.3
2004-01-06,259.0,4.0,9.0,0.92,4.1,4.4
2004-01-07,950.0,2.7,8.1,0.93,2.5,0.1
2004-01-08,1728.0,3.7,6.6,0.83,5.1,3.7
2004-01-09,778.0,3.7,7.2,0.89,3.1,3.9
2004-01-10,2333.0,2.4,8.2,0.85,2.7,0.0
2004-01-11,691.0,4.3,11.9,1.06,5.7,11.3
2004-01-12,864.0,4.0,6.4,0.83,4.1,4.0
2004-01-13,1469.0,5.0,9.7,0.91,7.2,13.4
2004-01-14,1210.0,1.4,6.7,0.79,4.9,11.1
2004-01-15,2678.0,2.2,6.1,0.79,4.3,1.6
2004-01-16,778.0,4.9,6.8,0.86,7.8,14.2
2004-01-17,864.0,3.6,5.9,0.81,5.8,2.1
2004-01-18,4320.0,-0.3,5.0,0.62,2.8,0.0
2004-01-19,518.0,1.8,9.0,0.9,5.3,23.0
2004-01-20,3370.0,-1.2,9.1,0.71,1.8,1.2
2004-01-21,5098.0,0.0,3.4,0.53,1.7,0.0
2004-01-22,864.0,0.0,3.0,0.55,3.3,0.1
2004-01-23,3888.0,0.9,5.6,0.59,2.8,0.0
2004-01-24,691.0,0.4,5.2,0.65,2.7,2.9
2004-01-25,3456.0,-0.8,6.9,0.7,1.3,0.0
2004-01-26,1642.0,-3.1,2.4,0.62,2.0,0.0
2004-01-27,2765.0,-2.1,2.4,0.6,1.6,1.2
2004-01-28,3197.0,-1.1,4.5,0.62,3.7,4.7
2004-01-29,3370.0,-2.4,2.8,0.61,4.6,5.0
2004-01-30,2765.0,0.3,3.9,0.59,5.0,0.0
2004-01-31,605.0,1.9,11.6,0.9,8.2,10.1
2004-02-01,4234.0,8.7,12.2,1.15,7.8,7.9
2004-02-02,605.0,9.1,11.9,1.2,6.3,11.1
2004-02-03,3110.0,9.5,15.1,1.2,5.2,0.0
2004-02-04,1814.0,11.2,15.8,1.2,5.6,1.0
2004-02-05,1210.0,10.8,15.1,1.31,5.7,7.9
2004-02-06,1382.0,9.3,12.9,1.23,5.3,8.0
2004-02-07,2246.0,3.8,10.0,0.87,8.0,9.2
2004-02-08,4320.0,0.8,6.0,0.69,7.0,11.4
2004-02-09,3888.0,0.5,5.2,0.67,3.6,0.8
2004-02-10,2419.0,-0.2,8.0,0.71,4.5,10.0
2004-02-11,1987.0,2.8,8.2,0.89,2.9,2.3
2004-02-12,3197.0,1.0,6.7,0.79,1.4,0.0
2004-02-13,2246.0,6.3,9.2,0.962,1.5,0.0
2004-02-14,3283.0,5.2,9.2,0.91,1.7,0.0
2004-02-15,3370.0,3.2,10.4,0.87,0.8,0.0
2004-02-16,2419.0,-0.6,3.9,0.67,1.1,0.0
2004-02-17,2851.0,1.4,6.4,0.77,1.8,0.3
2004-02-18,5443.0,1.3,8.1,0.78,2.6,5.8
2004-02-19,6394.0,-0.8,4.2,0.53,3.6,0.0
2004-02-20,10195.0,-2.2,4.6,0.44,4.4,0.0
2004-02-21,4061.0,-2.6,2.5,0.5,2.2,0.0
2004-02-22,5789.0,-2.7,6.7,0.58,2.5,0.0
2004-02-23,9504.0,-3.6,6.3,0.52,2.0,0.1
2004-02-24,6134.0,-3.0,5.9,0.28,3.5,4.5
2004-02-25,6912.0,-3.6,4.1,0.58,3.2,3.1
2004-02-26,7258.0,-2.4,3.7,0.58,4.6,8.7
2004-02-27,3456.0,-4.7,1.0,0.52,2.4,0.0
2004-02-28,11059.0,-6.2,4.2,0.47,0.9,0.0
2004-02-29,9158.0,-6.5,4.6,0.49,1.9,0.0
2004-03-01,10109.0,-6.0,5.4,0.31,1.9,0.0
2004-03-02,8208.0,-1.4,8.5,0.66,2.7,0.0
2004-03-03,6221.0,-2.0,7.8,0.62,1.7,0.0
2004-03-04,8122.0,0.6,10.6,0.58,3.8,0.0
2004-03-05,6826.0,1.1,7.9,0.56,3.7,0.2
2004-03-06,3802.0,-0.7,4.2,0.62,2.0,1.8
2004-03-07,7171.0,-0.8,8.4,0.71,1.8,1.6
2004-03-08,12182.0,-4.6,8.0,0.59,2.1,0.0
2004-03-09,7430.0,-2.6,3.8,0.51,3.2,0.0
2004-03-10,2333.0,0.1,2.4,0.62,2.5,0.3
2004-03-11,9504.0,0.1,5.5,0.59,2.6,0.0
2004-03-12,6912.0,0.4,6.7,0.65,3.9,1.1
2004-03-13,4061.0,5.5,10.3,0.87,4.1,3.1
2004-03-14,10627.0,3.9,13.4,0.84,5.6,0.1
2004-03-15,3974.0,9.6,13.4,1.1,4.5,0.4
2004-03-16,4320.0,9.2,15.8,1.31,3.2,0.0
2004-03-17,13133.0,6.1,19.4,1.07,2.1,0.0
2004-03-18,4752.0,2.0,14.7,1.12,2.7,1.7
2004-03-19,5098.0,7.5,12.6,1.06,6.1,12.1
2004-03-20,2246.0,6.7,13.1,1.14,8.5,7.8
2004-03-21,9763.0,4.8,11.2,0.87,7.9,1.8
2004-03-22,9504.0,2.1,9.9,0.8,4.4,9.6
2004-03-23,12614.0,-0.2,10.0,0.72,1.3,0.0
2004-03-24,6566.0,-1.9,7.8,0.68,1.5,0.0
2004-03-25,13133.0,-2.5,9.3,0.53,1.4,0.0
2004-03-26,9072.0,-3.9,7.3,0.61,1.7,0.0
2004-03-27,12787.0,-4.0,8.7,0.57,1.1,0.0
2004-03-28,14515.0,0.9,11.7,0.66,1.8,0.0
2004-03-29,11405.0,-0.5,14.1,0.77,1.2,0.0
2004-03-30,18144.0,4.2,16.7,0.69,4.0,0.0
2004-03-31,17798.0,7.5,17.9,0.71,3.7,0.0
2004-04-01,16762.0,8.7,20.0,0.86,4.0,0.0
2004-04-02,9331.0,9.0,17.5,1.04,3.3,0.2
2004-04-03,8294.0,10.0,14.7,1.14,4.2,0.0
2004-04-04,11837.0,6.8,12.8,0.95,5.5,3.0
2004-04-05,12010.0,3.5,11.4,0.89,5.2,9.1
2004-04-06,11405.0,3.9,9.5,0.82,4.6,4.2
2004-04-07,10368.0,3.4,9.5,0.85,3.5,8.3
2004-04-08,9504.0,0.8,9.4,0.8,2.4,3.3
2004-04-09,7344.0,-1.0,9.5,0.75,1.5,0.0
2004-04-10,5789.0,-0.5,9.0,0.73,1.9,0.3
2004-04-11,8813.0,0.1,9.7,0.71,1.3,0.0
2004-04-12,17885.0,-3.1,13.3,0.8,1.5,0.0
2004-04-13,7776.0,3.0,13.2,0.91,1.5,0.0
2004-04-14,20477.0,-2.0,15.2,0.75,1.3,0.0
2004-04-15,19699.0,4.6,18.3,0.81,2.2,0.0
2004-04-16,20477.0,3.0,20.4,0.78,2.1,0.0
2004-04-17,17366.0,8.7,21.0,0.94,3.4,0.0
2004-04-18,11837.0,6.8,14.1,0.93,5.4,0.7
2004-04-19,10627.0,2.9,12.1,0.75,3.4,0.0
2004-04-20,22378.0,0.2,16.1,0.76,1.5,0.0
2004-04-21,14170.0,7.4,18.2,1.19,2.7,0.0
2004-04-22,12355.0,7.3,18.0,1.241,1.5,0.3
2004-04-23,23587.0,1.9,17.1,0.84,1.7,0.0
2004-04-24,15293.0,4.6,16.7,0.946,1.3,0.0
2004-04-25,20822.0,1.1,18.1,0.827,1.8,0.0
2004-04-26,19699.0,2.8,19.8,0.85,1.9,0.0
2004-04-27,19872.0,11.4,21.8,1.03,3.5,0.0
2004-04-28,13133.0,12.4,21.7,1.26,3.4,6.9
2004-04-29,9072.0,12.1,18.2,1.25,3.3,1.6
2004-04-30,19440.0,10.7,24.4,1.28,2.9,1.9
2004-05-01,12269.0,10.2,20.0,1.44,2.6,0.4
2004-05-02,7862.0,9.8,15.0,1.27,2.6,0.0
2004-05-03,17539.0,7.8,19.0,1.13,2.1,3.1
2004-05-04,13824.0,6.6,13.0,0.96,4.1,0.7
2004-05-05,19872.0,5.7,15.0,0.87,3.4,0.0
2004-05-06,18662.0,3.3,15.7,0.94,1.5,0.0
2004-05-07,3456.0,8.1,9.8,1.09,3.7,19.8
2004-05-08,8640.0,8.3,12.9,1.03,2.3,0.0
2004-05-09,16330.0,3.7,16.8,1.08,1.2,0.0
2004-05-10,20304.0,7.3,19.1,1.26,1.6,0.0
2004-05-11,13824.0,7.9,16.5,1.09,2.5,0.0
2004-05-12,18922.0,8.3,14.6,0.92,2.5,0.0
2004-05-13,10454.0,7.0,14.4,1.01,1.8,0.0
2004-05-14,15120.0,6.6,16.7,1.0,1.3,0.0
2004-05-15,19094.0,6.3,20.9,1.16,2.1,0.0
2004-05-16,18058.0,8.2,20.4,1.16,1.5,0.0
2004-05-17,25056.0,5.3,22.3,1.11,1.1,0.0
2004-05-18,21859.0,6.4,21.4,1.13,1.3,0.0
2004-05-19,25402.0,6.5,22.7,1.14,2.9,0.0
2004-05-20,17453.0,5.3,20.3,1.1,2.0,0.0
2004-05-21,17885.0,4.8,16.0,0.85,2.3,0.6
2004-05-22,21168.0,3.1,14.6,0.78,2.4,1.2
2004-05-23,28166.0,4.0,14.7,0.76,2.2,3.9
2004-05-24,18058.0,2.2,17.6,0.89,2.5,0.0
2004-05-25,15466.0,4.5,16.1,0.99,1.5,0.0
2004-05-26,20477.0,3.4,15.3,0.78,1.5,0.0
2004-05-27,14083.0,1.4,15.1,0.88,1.2,0.0
2004-05-28,28253.0,1.0,19.3,0.83,1.3,0.0
2004-05-29,28166.0,3.4,23.1,0.82,2.3,0.0
2004-05-30,14774.0,11.5,23.0,1.25,2.3,7.0
2004-05-31,12269.0,7.8,18.9,1.34,1.3,2.5
2004-06-01,24365.0,5.2,21.9,1.12,1.4,0.0
2004-06-02,8381.0,8.7,17.8,1.43,2.2,5.1
2004-06-03,23242.0,8.5,18.8,1.34,1.8,0.0
2004-06-04,8035.0,10.9,19.0,1.47,3.1,5.4
2004-06-05,8554.0,7.0,15.0,1.26,1.7,0.1
2004-06-06,25661.0,4.9,21.5,1.15,0.9,0.0
2004-06-07,26352.0,10.2,26.6,1.46,1.4,0.0
2004-06-08,26352.0,12.2,30.6,1.58,1.3,0.0
2004-06-09,22550.0,13.5,25.4,1.84,2.4,0.0
2004-06-10,13306.0,12.9,22.9,1.77,2.2,1.1
2004-06-11,22205.0,11.8,21.2,1.4,3.6,0.0
2004-06-12,19267.0,10.3,18.2,1.37,3.1,5.6
2004-06-13,14170.0,6.8,17.2,1.18,1.4,0.3
2004-06-14,20995.0,5.8,23.6,1.45,2.3,0.0
2004-06-15,18317.0,9.0,23.6,1.56,2.3,0.0
2004-06-16,17453.0,8.5,18.8,1.15,1.9,0.0
2004-06-17,10800.0,12.8,19.9,1.43,4.4,0.3
2004-06-18,12182.0,10.8,17.9,1.4,2.7,4.6
2004-06-19,19526.0,7.8,16.0,1.01,2.3,3.6
2004-06-20,22118.0,9.2,17.2,1.0,3.5,1.9
2004-06-21,14602.0,7.8,16.5,1.21,2.6,9.3
2004-06-22,17712.0,6.3,19.4,1.34,2.1,0.0
2004-06-23,13651.0,13.7,20.9,1.56,6.6,8.3
2004-06-24,17712.0,11.3,18.5,1.15,8.1,2.5
2004-06-25,10282.0,7.6,16.6,1.3,3.8,1.3
2004-06-26,21514.0,4.8,21.2,1.18,1.6,0.0
2004-06-27,19008.0,14.1,22.9,1.7,3.2,7.2
2004-06-28,25834.0,10.0,20.5,1.24,3.5,0.0
2004-06-29,19008.0,10.0,21.1,1.34,2.9,0.0
2004-06-30,18403.0,12.6,24.0,1.33,2.7,0.3
2004-07-01,19872.0,10.7,19.3,1.34,4.1,4.0
2004-07-02,18662.0,10.0,17.8,1.36,4.3,3.6
2004-07-03,20995.0,13.1,19.1,1.32,6.1,2.8
2004-07-04,11491.0,12.0,18.4,1.4,3.4,0.3
2004-07-05,20131.0,8.5,21.2,1.32,2.0,3.4
2004-07-06,26957.0,6.5,22.4,1.14,1.3,0.0
2004-07-07,19872.0,11.8,22.4,1.33,4.3,4.9
2004-07-08,12874.0,13.9,21.8,1.59,2.2,6.8
2004-07-09,16157.0,13.2,19.4,1.53,3.6,3.5
2004-07-10,23674.0,10.8,19.0,1.23,3.8,3.6
2004-07-11,13997.0,10.8,18.1,1.35,3.7,2.1
2004-07-12,8035.0,12.1,16.2,1.35,3.1,8.2
2004-07-13,16243.0,9.6,18.1,1.22,2.1,1.2
2004-07-14,12960.0,9.7,20.4,1.48,3.8,3.5
2004-07-15,7085.0,15.7,19.6,1.86,3.0,0.3
2004-07-16,10454.0,13.9,22.5,1.91,2.5,1.0
2004-07-17,20736.0,12.1,28.9,1.848,2.2,15.1
2004-07-18,11750.0,14.9,22.2,1.91,1.9,2.8
2004-07-19,20477.0,12.9,21.6,1.57,2.4,0.0
2004-07-20,7258.0,11.3,21.1,1.73,1.5,3.1
2004-07-21,15725.0,11.0,25.0,1.93,1.2,0.2
2004-07-22,23846.0,16.7,26.1,1.82,1.3,2.0
2004-07-23,15725.0,11.8,24.6,2.0,1.9,13.1
2004-07-24,22118.0,9.3,23.3,1.42,1.4,0.0
2004-07-25,8035.0,13.1,17.6,1.52,2.5,1.6
2004-07-26,24106.0,9.5,20.6,1.42,1.9,5.9
2004-07-27,21859.0,7.1,22.2,1.3,1.2,0.0
2004-07-28,18403.0,9.3,23.4,1.43,1.3,0.0
2004-07-29,25661.0,10.9,26.6,1.39,2.4,0.0
2004-07-30,23846.0,11.6,28.3,1.53,1.3,0.0
2004-07-31,21514.0,12.7,26.0,1.65,1.2,0.0
2004-08-01,24192.0,12.6,24.4,1.72,1.4,0.0
2004-08-02,24365.0,12.0,26.8,1.56,1.5,0.0
2004-08-03,22810.0,13.6,28.0,1.62,1.9,0.0
2004-08-04,17971.0,16.1,29.1,1.75,1.4,0.0
2004-08-05,17021.0,16.6,30.7,1.77,1.8,0.0
2004-08-06,22205.0,17.4,30.5,1.86,2.0,0.0
2004-08-07,12355.0,17.9,25.2,2.15,1.6,0.0
2004-08-08,23242.0,17.3,31.3,1.72,3.0,0.0
2004-08-09,22723.0,21.3,32.5,1.47,3.9,0.0
2004-08-10,11837.0,18.8,28.9,1.68,3.5,2.0
2004-08-11,16934.0,18.1,26.0,1.91,1.8,0.7
2004-08-12,7949.0,16.5,24.0,1.98,2.5,8.0
2004-08-13,7085.0,15.4,21.1,1.8,4.0,30.8
2004-08-14,19008.0,15.0,24.5,1.85,1.9,1.7
2004-08-15,16330.0,12.6,24.6,1.79,1.6,0.1
2004-08-16,9418.0,15.8,22.6,1.98,2.0,4.6
2004-08-17,17712.0,14.9,24.0,1.83,2.3,1.6
2004-08-18,16330.0,17.9,26.6,1.92,3.7,7.3
2004-08-19,14602.0,15.9,23.0,1.67,5.3,0.0
2004-08-20,12701.0,13.0,21.5,1.6,3.5,1.7
2004-08-21,9158.0,9.9,18.7,1.39,1.8,1.3
2004-08-22,15120.0,10.5,20.7,1.3,1.8,0.0
2004-08-23,14342.0,12.8,23.2,1.51,2.6,0.2
2004-08-24,10541.0,14.5,21.2,1.73,3.2,4.7
2004-08-25,9504.0,14.0,19.7,1.63,3.8,4.2
2004-08-26,12614.0,12.8,19.3,1.56,3.4,5.8
2004-08-27,3629.0,13.8,16.5,1.65,4.5,7.5
2004-08-28,18144.0,8.8,20.5,1.41,1.5,0.0
2004-08-29,12614.0,9.9,20.0,1.41,2.6,0.0
2004-08-30,10627.0,12.2,18.3,1.45,4.3,10.1
2004-08-31,13133.0,9.7,18.0,1.38,3.3,4.3
2004-09-01,15379.0,8.6,21.9,1.28,1.1,0.0
2004-09-02,18317.0,8.0,23.4,1.27,2.0,0.0
2004-09-03,17194.0,9.2,25.1,1.54,1.0,0.0
2004-09-04,17366.0,12.8,26.5,1.74,1.4,0.0
2004-09-05,16848.0,12.5,27.8,1.67,1.3,0.0
2004-09-06,18749.0,10.7,26.3,1.55,2.2,0.0
2004-09-07,17194.0,12.4,24.8,1.62,2.6,0.0
2004-09-08,17798.0,7.9,22.4,1.36,2.1,0.0
2004-09-09,18576.0,9.9,23.2,1.1,3.3,0.0
2004-09-10,16330.0,11.8,26.1,1.35,3.1,4.8
2004-09-11,9158.0,16.1,21.9,1.8,3.3,0.1
2004-09-12,15898.0,12.7,18.7,1.22,5.7,0.6
2004-09-13,7430.0,11.9,20.4,1.38,4.6,6.7
2004-09-14,13046.0,10.8,19.3,1.26,5.5,0.2
2004-09-15,8813.0,8.3,16.4,1.32,3.3,5.2
2004-09-16,15034.0,6.1,17.6,1.13,1.8,0.0
2004-09-17,15379.0,9.0,19.9,1.09,2.5,0.0
2004-09-18,8381.0,12.3,22.0,1.41,2.8,0.7
2004-09-19,15206.0,9.4,18.7,1.28,3.0,1.3
2004-09-20,2506.0,11.3,15.2,1.38,5.8,5.2
2004-09-21,10195.0,9.3,16.7,1.14,5.8,0.6
2004-09-22,3283.0,10.0,14.3,1.28,4.3,24.3
2004-09-23,5530.0,9.9,15.3,1.33,3.7,4.8
2004-09-24,10022.0,7.8,15.0,1.22,2.9,2.6
2004-09-25,7344.0,10.4,14.7,1.18,3.4,2.4
2004-09-26,11059.0,9.4,18.1,1.38,2.4,0.0
2004-09-27,7949.0,11.9,18.6,1.5,2.8,0.5
2004-09-28,4493.0,13.5,18.2,1.62,3.9,5.8
2004-09-29,8381.0,6.1,15.8,1.27,2.3,0.6
2004-09-30,7258.0,6.5,15.6,1.19,1.9,2.4
2004-10-01,3715.0,12.0,17.2,1.53,2.2,1.8
2004-10-02,10541.0,10.7,16.5,1.28,3.5,0.2
2004-10-03,7603.0,9.6,16.9,1.32,3.0,0.0
2004-10-04,5962.0,13.2,19.2,1.49,3.4,0.2
2004-10-05,3715.0,11.6,16.0,1.49,2.7,0.0
2004-10-06,8381.0,9.8,16.6,1.22,4.2,0.4
2004-10-07,9331.0,6.6,15.7,1.09,3.4,0.0
2004-10-08,8035.0,3.2,15.8,1.04,0.9,0.0
2004-10-09,10368.0,1.3,14.9,0.89,1.8,0.0
2004-10-10,11318.0,5.7,13.3,0.84,3.9,0.0
2004-10-11,11664.0,6.1,12.7,0.77,5.7,0.0
2004-10-12,9072.0,5.1,12.9,0.78,4.7,0.0
2004-10-13,9245.0,6.6,16.6,1.14,3.5,0.0
2004-10-14,4925.0,10.1,14.5,1.17,4.2,0.8
2004-10-15,8294.0,7.2,14.0,1.06,2.8,13.2
2004-10-16,2419.0,6.5,9.5,1.0,2.6,0.9
2004-10-17,2246.0,7.2,10.1,1.04,3.0,0.1
2004-10-18,5875.0,6.0,13.8,1.06,2.4,0.1
2004-10-19,9418.0,4.8,14.6,1.01,2.6,0.0
2004-10-20,1210.0,8.3,17.9,1.47,3.8,17.6
2004-10-21,9072.0,10.2,16.8,1.1,5.5,8.4
2004-10-22,8640.0,10.0,16.8,1.22,4.2,0.0
2004-10-23,1469.0,13.3,17.7,1.53,4.9,4.4
2004-10-24,2160.0,15.2,17.3,1.61,3.4,0.5
2004-10-25,4579.0,9.0,16.0,1.22,5.5,0.5
2004-10-26,5357.0,3.9,13.3,1.02,1.7,0.0
2004-10-27,5789.0,0.8,12.1,0.94,3.1,0.0
2004-10-28,3370.0,9.8,15.8,1.31,3.0,3.4
2004-10-29,5875.0,8.7,16.9,1.3,1.8,4.0
2004-10-30,6221.0,4.9,14.5,0.25,0.9,0.0
2004-10-31,2074.0,4.3,12.3,1.11,1.2,0.0
2004-11-01,3456.0,4.4,10.0,0.93,2.7,0.0
2004-11-02,1728.0,7.4,10.2,1.05,3.0,0.5
2004-11-03,3197.0,7.1,13.7,1.19,1.5,2.3
2004-11-04,3456.0,4.7,12.1,1.16,2.0,0.0
2004-11-05,5011.0,5.3,11.9,0.95,3.1,0.0
2004-11-06,2765.0,4.4,11.9,1.06,2.0,1.1
2004-11-07,4666.0,4.0,11.7,0.91,1.0,0.0
2004-11-08,2160.0,3.6,9.6,0.9,1.6,0.0
2004-11-09,6221.0,0.1,5.5,0.67,1.9,0.1
2004-11-10,1210.0,2.8,8.3,0.88,2.3,11.3
2004-11-11,1555.0,-2.4,4.9,0.72,1.4,0.0
2004-11-12,3370.0,-1.3,9.5,0.12,3.1,2.8
2004-11-13,5270.0,1.1,9.6,0.76,2.0,1.0
2004-11-14,4752.0,-1.0,9.6,0.75,0.8,0.0
2004-11-15,432.0,1.7,7.6,0.89,2.8,0.0
2004-11-16,778.0,7.5,10.9,1.15,3.6,0.6
2004-11-17,950.0,9.7,12.1,1.26,6.2,8.0
2004-11-18,778.0,1.9,11.2,0.96,4.4,24.2
2004-11-19,3197.0,0.7,5.4,0.68,3.6,7.8
2004-11-20,3197.0,0.6,4.7,0.67,3.1,2.6
2004-11-21,2074.0,-1.2,5.4,0.63,2.4,2.7
2004-11-22,1123.0,5.4,12.5,1.19,6.1,1.9
2004-11-23,3456.0,-1.7,11.0,0.92,2.3,0.8
2004-11-24,4234.0,-3.5,6.7,0.64,1.0,0.0
2004-11-25,2765.0,-2.8,2.2,0.56,1.5,0.0
2004-11-26,950.0,-2.6,7.2,0.74,3.5,1.7
2004-11-27,1555.0,5.7,9.4,1.0,2.2,0.0
2004-11-28,691.0,5.9,8.6,1.02,2.4,7.5
2004-11-29,950.0,5.8,7.9,0.98,0.7,0.0
2004-11-30,2160.0,2.3,7.4,0.83,2.1,0.0
2004-12-01,173.0,1.2,3.9,0.72,1.5,0.8
2004-12-02,4061.0,-1.4,8.2,0.72,1.0,0.0
2004-12-03,950.0,-0.4,4.8,0.74,1.1,0.0
2004-12-04,1296.0,-0.3,4.5,0.7,1.9,1.9
2004-12-05,778.0,4.4,8.6,0.48,2.0,0.0
2004-12-06,1037.0,4.1,8.4,0.95,2.4,0.0
2004-12-07,691.0,4.9,6.6,0.89,1.8,0.3
2004-12-08,1469.0,1.4,7.5,0.84,1.4,0.0
2004-12-09,1469.0,-0.9,2.2,0.6,2.2,0.0
2004-12-10,778.0,-3.9,1.2,0.559,1.7,0.1
2004-12-11,691.0,1.2,3.8,0.711,1.4,0.0
2004-12-12,778.0,1.1,3.0,0.658,2.7,0.0
2004-12-13,432.0,-1.8,1.1,0.52,2.5,0.0
2004-12-14,518.0,-3.4,3.0,0.58,2.5,0.0
2004-12-15,1469.0,0.6,5.5,0.69,2.5,0.0
2004-12-16,1987.0,2.1,7.9,0.84,4.4,2.2
2004-12-17,950.0,4.2,7.2,0.83,4.1,9.0
2004-12-18,1814.0,-0.8,6.8,0.69,3.8,0.9
2004-12-19,3629.0,-4.9,4.4,0.55,1.0,0.5
2004-12-20,3629.0,-5.1,2.3,0.5,1.7,0.1
2004-12-21,3024.0,-6.2,0.4,0.47,1.7,0.0
2004-12-22,173.0,0.1,5.4,0.72,5.4,3.8
2004-12-23,778.0,5.3,10.8,1.04,6.4,0.7
2004-12-24,2765.0,6.9,9.8,0.89,5.8,10.7
2004-12-25,2592.0,0.0,7.2,0.73,3.7,4.3
2004-12-26,1296.0,-5.8,0.6,0.52,0.9,0.0
2004-12-27,2160.0,-6.9,-2.0,0.46,1.5,0.0
2004-12-28,778.0,-2.0,4.2,0.64,4.0,7.7
2004-12-29,3197.0,0.0,7.0,0.7,1.8,1.4
2004-12-30,259.0,3.7,8.1,0.89,4.3,0.2
2004-12-31,432.0,7.1,9.9,1.06,4.2,2.3
2005-01-01,1296.0,3.2,10.4,0.89,4.2,1.7
2005-01-02,1555.0,4.5,8.4,0.64,6.1,0.1
2005-01-03,778.0,4.0,8.3,0.86,5.1,0.0
2005-01-04,605.0,6.3,8.6,0.87,6.5,2.0
2005-01-05,1555.0,4.1,7.3,0.871,3.8,2.0
2005-01-06,3283.0,3.8,9.0,0.9,4.8,1.0
2005-01-07,778.0,9.0,12.4,1.07,6.9,0.0
2005-01-08,1901.0,4.9,11.8,0.78,8.5,0.2
2005-01-09,3197.0,4.7,10.4,0.86,5.4,0.2
2005-01-10,3197.0,8.6,13.7,1.05,5.5,1.9
2005-01-11,2592.0,8.7,11.3,1.09,4.9,1.6
2005-01-12,3456.0,5.0,10.3,0.88,5.2,1.3
2005-01-13,2592.0,2.2,7.3,0.73,4.0,0.0
2005-01-14,4147.0,0.3,7.6,0.7,1.3,0.0
2005-01-15,4838.0,-2.3,4.5,0.57,2.5,0.1
2005-01-16,4493.0,-2.1,4.6,0.56,2.3,0.0
2005-01-17,1728.0,2.4,6.9,0.86,5.3,5.4
2005-01-18,1382.0,1.5,7.8,0.78,3.7,9.0
2005-01-19,2765.0,2.5,7.0,0.73,4.5,1.2
2005-01-20,1037.0,5.7,10.6,1.03,7.7,13.2
2005-01-21,3283.0,1.9,8.6,0.67,6.0,4.1
2005-01-22,4234.0,-0.1,7.5,0.691,2.4,1.6
2005-01-23,4234.0,-2.4,6.1,0.601,2.5,2.6
2005-01-24,4493.0,-3.7,2.7,0.52,2.1,1.6
2005-01-25,3802.0,-5.8,1.2,0.473,1.7,0.6
2005-01-26,4579.0,-6.8,1.4,0.46,1.8,0.0
2005-01-27,1901.0,-2.2,1.8,0.6,1.2,0.0
2005-01-28,1382.0,0.3,2.4,0.648,1.3,0.0
2005-01-29,2592.0,-2.3,2.2,0.59,1.8,0.2
2005-01-30,1987.0,2.0,7.4,0.87,1.9,1.6
2005-01-31,1469.0,2.2,8.1,0.91,4.2,5.0
2005-02-01,3888.0,1.8,6.6,0.72,2.9,0.2
2005-02-02,3197.0,4.2,8.2,0.88,3.3,1.7
2005-02-03,5011.0,4.8,8.6,0.85,2.1,0.0
2005-02-04,3715.0,2.0,8.8,0.82,1.7,0.0
2005-02-05,6739.0,-0.1,4.8,0.52,3.2,0.0
2005-02-06,6998.0,-2.9,6.6,0.56,2.9,0.0
2005-02-07,7171.0,-4.2,4.4,0.48,2.0,0.0
2005-02-08,6566.0,-5.1,5.1,0.57,1.8,0.0
2005-02-09,5270.0,0.4,9.7,0.81,3.1,1.1
2005-02-10,605.0,5.3,8.9,0.98,5.2,17.6
2005-02-11,3629.0,4.9,9.5,0.89,1.3,2.8
2005-02-12,1382.0,4.3,11.7,0.99,7.7,21.6
2005-02-13,5098.0,1.1,5.5,0.69,5.2,7.8
2005-02-14,4666.0,0.1,6.7,0.68,3.8,3.1
2005-02-15,1728.0,-0.8,2.7,0.56,3.2,0.0
2005-02-16,7171.0,-2.4,2.1,0.44,2.6,0.0
2005-02-17,4147.0,-1.3,1.9,0.481,1.0,0.0
2005-02-18,1987.0,-0.1,4.0,0.55,3.7,1.8
2005-02-19,4925.0,-1.1,6.4,0.67,2.4,3.6
2005-02-20,5616.0,-0.9,5.6,0.643,2.6,0.9
2005-02-21,6480.0,0.2,5.0,0.59,3.2,2.9
2005-02-22,4579.0,-1.6,2.3,0.49,3.6,0.6
2005-02-23,2678.0,-4.3,1.1,0.54,1.6,0.8
2005-02-24,6134.0,-2.4,2.3,0.52,2.3,0.4
2005-02-25,7171.0,-4.7,3.4,0.53,1.4,0.0
2005-02-26,1901.0,-1.2,3.2,0.604,2.1,0.0
2005-02-27,9763.0,-6.3,-0.4,0.31,3.1,0.0
2005-02-28,11664.0,-9.0,0.6,0.28,2.2,0.0
2005-03-01,3197.0,-4.0,0.4,0.45,5.2,1.3
2005-03-02,3110.0,-1.5,0.2,0.527,3.1,4.3
2005-03-03,5962.0,-12.4,0.0,0.48,2.5,2.6
2005-03-04,8381.0,-16.3,-0.7,0.35,2.2,0.6
2005-03-05,7171.0,-4.8,1.1,0.49,2.9,2.5
2005-03-06,10714.0,-11.6,1.6,0.47,2.5,2.0
2005-03-07,7517.0,0.8,4.9,0.7,2.5,2.3
2005-03-08,5184.0,3.4,6.5,0.79,3.6,0.7
2005-03-09,5875.0,-1.5,7.7,0.75,2.5,0.6
2005-03-10,9072.0,-4.8,6.0,0.6,1.8,0.0
2005-03-11,1123.0,1.4,6.7,0.76,6.2,6.3
2005-03-12,6480.0,0.6,5.0,0.71,5.4,8.1
2005-03-13,8122.0,1.1,7.4,0.68,4.1,0.5
2005-03-14,5443.0,1.0,7.4,0.68,2.6,0.0
2005-03-15,11146.0,0.8,12.9,0.78,4.1,0.0
2005-03-16,11837.0,8.7,19.2,1.13,4.8,1.3
2005-03-17,4579.0,9.6,13.2,1.24,7.5,0.0
2005-03-18,2678.0,7.0,10.7,1.08,4.4,0.0
2005-03-19,4493.0,6.6,13.1,1.13,2.0,0.5
2005-03-20,13565.0,3.9,12.0,0.72,2.9,0.0
2005-03-21,15120.0,4.0,15.5,0.68,4.2,0.0
2005-03-22,9590.0,7.1,18.1,0.92,3.9,2.3
2005-03-23,15120.0,6.7,18.9,1.04,2.1,0.0
2005-03-24,11059.0,8.9,19.1,1.19,3.7,3.6
2005-03-25,11146.0,9.0,15.1,1.2,2.4,0.5
2005-03-26,11664.0,4.1,16.3,1.08,1.8,0.0
2005-03-27,9504.0,8.8,16.0,1.23,2.8,7.1
2005-03-28,6653.0,8.2,15.2,1.28,2.6,2.6
2005-03-29,7690.0,7.9,13.8,1.15,2.0,0.0
2005-03-30,9590.0,8.6,15.7,1.12,3.5,0.0
2005-03-31,15984.0,7.6,15.9,0.76,3.1,0.9
2005-04-01,17626.0,5.8,17.2,0.64,3.0,0.0
2005-04-02,19267.0,6.8,17.6,0.58,3.6,0.0
2005-04-03,17798.0,7.6,21.3,0.88,2.5,0.0
2005-04-04,14083.0,7.7,19.2,1.07,3.1,4.6
2005-04-05,16070.0,4.7,12.6,0.79,3.0,0.5
2005-04-06,9504.0,4.0,12.7,0.92,3.8,1.4
2005-04-07,11578.0,6.2,12.0,0.89,5.7,2.4
2005-04-08,13392.0,2.9,11.2,0.81,3.5,21.5
2005-04-09,12701.0,-0.2,7.7,0.7,3.4,4.5
2005-04-10,8122.0,2.4,11.8,0.92,2.8,0.8
2005-04-11,18144.0,4.0,16.8,0.91,1.7,0.0
2005-04-12,15898.0,1.4,15.9,0.86,1.4,0.0
2005-04-13,5875.0,6.8,12.8,1.17,2.9,7.3
2005-04-14,11232.0,10.0,16.9,1.09,2.8,1.6
2005-04-15,12701.0,6.3,18.4,1.03,3.0,0.9
2005-04-16,4147.0,6.6,10.3,0.48,2.6,6.5
2005-04-17,19008.0,6.2,15.0,1.2,2.1,0.0
2005-04-18,10886.0,4.6,16.4,1.12,2.3,0.7
2005-04-19,5875.0,3.0,11.8,1.03,1.5,16.9
2005-04-20,14342.0,5.4,13.6,0.8,2.3,2.5
2005-04-21,22378.0,2.2,15.4,0.64,2.0,0.0
2005-04-22,22723.0,-0.3,16.4,0.61,1.5,0.0
2005-04-23,22637.0,1.2,18.4,0.67,1.7,0.0
2005-04-24,17885.0,2.2,18.7,0.87,2.6,0.0
2005-04-25,15638.0,5.8,17.8,0.87,2.7,0.0
2005-04-26,8986.0,3.8,16.5,1.11,1.4,3.4
2005-04-27,18576.0,5.3,15.2,1.01,3.8,5.4
2005-04-28,15552.0,4.0,18.0,0.949,2.0,0.0
2005-04-29,11405.0,8.9,18.0,1.38,2.1,8.9
2005-04-30,9850.0,8.4,19.1,1.47,1.4,0.1
2005-05-01,20045.0,8.7,28.3,1.62,2.2,0.0
2005-05-02,7776.0,10.7,19.0,1.64,1.3,1.6
2005-05-03,8986.0,9.5,18.1,1.43,1.6,9.2
2005-05-04,10195.0,8.4,14.6,1.29,2.5,2.3
2005-05-05,16330.0,2.8,13.6,0.89,2.9,4.1
2005-05-06,15898.0,6.4,13.1,0.96,3.9,0.2
2005-05-07,9677.0,3.0,12.0,0.94,2.5,8.5
2005-05-08,17971.0,2.0,11.8,0.79,2.6,2.0
2005-05-09,17194.0,2.3,12.3,0.8,2.7,4.1
2005-05-10,17021.0,2.3,12.1,0.832,2.3,1.4
2005-05-11,19958.0,2.1,12.8,0.82,1.8,1.1
2005-05-12,22810.0,0.1,14.9,0.73,2.9,0.0
2005-05-13,18662.0,5.8,17.6,0.84,3.4,0.0
2005-05-14,21859.0,5.1,18.5,0.91,2.6,0.0
2005-05-15,14083.0,4.7,16.0,1.05,2.1,6.9
2005-05-16,12096.0,3.8,14.8,0.94,1.7,2.0
2005-05-17,19699.0,1.2,11.7,0.72,1.5,0.0
2005-05-18,24710.0,0.4,14.9,0.66,1.0,0.0
2005-05-19,20045.0,7.4,19.2,0.89,3.1,0.7
2005-05-20,12960.0,12.8,21.5,1.41,3.3,4.9
2005-05-21,20822.0,11.0,19.9,1.29,2.7,8.2
2005-05-22,26006.0,9.3,19.8,1.09,2.9,0.0
2005-05-23,23414.0,8.1,17.2,1.07,3.3,0.0
2005-05-24,14515.0,7.4,18.0,1.09,3.5,0.1
2005-05-25,22896.0,13.1,23.2,1.4,2.7,0.0
2005-05-26,23933.0,13.7,28.5,1.5,2.6,0.0
2005-05-27,26698.0,10.6,31.2,1.4,2.0,0.0
2005-05-28,26093.0,12.3,25.8,1.68,3.3,0.0
2005-05-29,20650.0,9.9,20.5,1.17,1.8,1.2
2005-05-30,4666.0,6.3,12.8,1.178,1.4,6.1
2005-05-31,20995.0,4.3,17.4,1.01,2.5,0.0
2005-06-01,26611.0,2.9,18.8,0.88,1.6,0.0
2005-06-02,8899.0,13.0,19.3,1.58,3.1,0.4
2005-06-03,18662.0,14.0,26.1,1.54,2.7,6.6
2005-06-04,11578.0,11.8,18.1,1.35,5.3,3.2
2005-06-05,11232.0,12.5,17.0,1.46,3.8,5.5
2005-06-06,13219.0,7.3,14.3,1.02,2.0,0.3
2005-06-07,15811.0,5.4,13.8,0.87,2.0,0.4
2005-06-08,27043.0,3.4,17.5,0.9,1.4,0.0
2005-06-09,24797.0,4.1,19.1,0.88,1.2,0.0
2005-06-10,23414.0,5.3,19.6,1.07,1.9,0.0
2005-06-11,17539.0,6.9,14.8,0.95,2.2,0.0
2005-06-12,13651.0,5.3,15.8,1.02,2.5,7.2
2005-06-13,20909.0,7.4,16.2,1.04,3.1,9.2
2005-06-14,29030.0,6.4,21.6,1.0,2.2,0.0
2005-06-15,22464.0,6.9,24.2,1.27,2.5,0.0
2005-06-16,21773.0,13.4,22.7,1.44,3.7,0.3
2005-06-17,10800.0,17.1,22.3,1.99,3.3,0.0
2005-06-18,28771.0,14.3,25.6,1.34,2.0,0.0
2005-06-19,29635.0,15.2,29.1,1.25,2.6,0.0
2005-06-20,27821.0,17.9,32.3,1.61,2.2,0.0
2005-06-21,22896.0,13.1,25.4,1.67,1.8,0.0
2005-06-22,19958.0,14.0,25.2,1.44,1.1,0.0
2005-06-23,27994.0,13.1,30.5,1.47,1.8,0.0
2005-06-24,26266.0,17.6,32.9,1.87,1.2,0.0
2005-06-25,8467.0,12.8,22.4,1.95,1.8,2.3
2005-06-26,25402.0,10.4,24.2,1.22,1.5,0.0
2005-06-27,27734.0,11.1,24.5,1.32,1.5,0.0
2005-06-28,29203.0,8.2,25.8,1.23,2.2,0.0
2005-06-29,16157.0,13.9,25.5,1.54,2.0,6.8
2005-06-30,13306.0,13.2,23.0,1.73,1.7,10.3
2005-07-01,16934.0,12.9,21.1,1.55,2.7,1.0
2005-07-02,8813.0,12.8,20.8,1.88,1.6,0.2
2005-07-03,22723.0,16.2,26.4,1.83,1.7,0.2
2005-07-04,10800.0,13.2,25.5,1.75,3.7,16.3
2005-07-05,15206.0,11.5,17.8,1.27,3.2,1.2
2005-07-06,10627.0,11.1,19.5,1.52,2.9,6.9
2005-07-07,16934.0,9.6,19.9,1.3,1.1,0.0
2005-07-08,9763.0,7.7,19.0,1.48,1.0,3.9
2005-07-09,23242.0,7.8,21.6,1.54,1.6,0.0
2005-07-10,24451.0,14.2,28.0,1.68,1.9,0.0
2005-07-11,24451.0,15.9,26.1,1.84,1.9,0.0
2005-07-12,24365.0,14.5,26.7,1.91,1.7,0.0
2005-07-13,25834.0,14.4,25.8,1.76,1.5,0.0
2005-07-14,25661.0,12.4,29.0,1.61,1.1,0.0
2005-07-15,22291.0,13.9,25.4,1.75,2.6,0.0
2005-07-16,20045.0,10.1,22.4,1.41,1.1,0.0
2005-07-17,20390.0,7.5,24.0,1.38,1.2,0.0
2005-07-18,17194.0,14.5,25.7,1.64,2.0,0.0
2005-07-19,19267.0,16.5,21.1,1.36,5.0,0.1
2005-07-20,14256.0,12.6,20.0,1.44,4.9,5.5
2005-07-21,7430.0,12.1,18.0,1.54,4.6,0.0
2005-07-22,7776.0,12.8,17.2,1.41,2.9,2.1
2005-07-23,12096.0,9.1,19.0,1.37,2.6,0.4
2005-07-24,15034.0,8.9,23.7,1.62,2.0,2.3
2005-07-25,10368.0,14.6,21.2,1.82,2.3,10.9
2005-07-26,11059.0,13.5,18.1,1.4,1.7,2.0
2005-07-27,8986.0,13.7,24.1,1.99,1.8,8.9
2005-07-28,20131.0,15.8,29.0,2.27,1.4,1.5
2005-07-29,14429.0,17.8,26.1,2.2,1.9,4.5
2005-07-30,14861.0,13.2,21.6,1.65,3.1,23.7
2005-07-31,7690.0,13.0,17.1,1.56,4.0,8.2
2005-08-01,13133.0,9.1,19.1,1.31,1.6,0.0
2005-08-02,22291.0,7.3,20.1,1.16,1.2,0.0
2005-08-03,15638.0,7.8,22.3,1.44,1.8,3.1
2005-08-04,23242.0,11.2,21.1,1.343,2.8,0.0
2005-08-05,7258.0,10.9,18.0,1.53,2.7,7.8
2005-08-06,14256.0,8.7,18.3,1.35,1.7,4.8
2005-08-07,18144.0,8.5,17.5,1.31,2.6,7.5
2005-08-08,14256.0,11.1,18.4,1.44,2.8,1.0
2005-08-09,13392.0,9.6,17.5,1.22,2.7,0.0
2005-08-10,14342.0,11.2,19.2,1.39,2.8,0.0
2005-08-11,12701.0,10.3,19.6,1.57,1.8,0.0
2005-08-12,8035.0,9.7,19.1,1.53,1.6,15.9
2005-08-13,15293.0,8.5,20.8,1.45,2.0,0.3
2005-08-14,13392.0,13.9,19.3,1.6,3.5,12.8
2005-08-15,7517.0,12.2,17.6,1.53,2.0,0.2
2005-08-16,16243.0,9.6,21.8,1.43,0.9,0.0
2005-08-17,22723.0,7.5,23.4,1.39,1.8,0.0
2005-08-18,21427.0,15.8,27.1,1.79,2.7,0.0
2005-08-19,12960.0,15.9,25.5,1.98,2.0,0.0
2005-08-20,11405.0,15.3,21.0,1.77,1.6,0.0
2005-08-21,14170.0,15.1,23.0,1.75,1.3,0.0
2005-08-22,10627.0,10.9,22.6,1.63,0.9,0.0
2005-08-23,7690.0,9.1,19.2,1.51,1.2,2.1
2005-08-24,17107.0,8.6,20.4,1.3,3.0,0.1
2005-08-25,8122.0,10.6,18.9,1.44,3.5,10.3
2005-08-26,14170.0,10.2,18.0,1.2,3.7,0.3
2005-08-27,10800.0,10.4,20.0,1.44,1.7,0.0
2005-08-28,19440.0,9.8,22.3,1.42,1.6,0.0
2005-08-29,20045.0,11.0,25.3,1.46,1.8,0.0
2005-08-30,19786.0,7.1,26.1,1.51,1.7,0.0
2005-08-31,19699.0,16.9,29.5,1.82,3.1,0.0
2005-09-01,10195.0,15.5,22.7,1.98,2.8,0.4
2005-09-02,18230.0,12.8,24.2,1.79,1.5,0.0
2005-09-03,11232.0,14.7,23.9,1.7,2.5,0.0
2005-09-04,18749.0,14.8,25.0,1.6,3.0,0.0
2005-09-05,19181.0,16.5,27.3,1.46,3.1,0.0
2005-09-06,13910.0,11.8,26.0,1.86,1.1,0.0
2005-09-07,14342.0,13.6,25.0,1.81,1.4,0.0
2005-09-08,16675.0,14.7,27.8,1.82,1.7,0.0
2005-09-09,12182.0,14.8,26.6,2.03,1.2,5.3
2005-09-10,11232.0,15.4,25.3,2.12,1.4,8.4
2005-09-11,3197.0,16.3,19.6,1.94,1.5,8.2
2005-09-12,9158.0,9.9,21.3,1.5,1.6,0.0
2005-09-13,15120.0,9.0,21.6,1.36,0.8,0.0
2005-09-14,4666.0,11.3,18.6,1.75,3.0,0.6
2005-09-15,5011.0,11.9,19.5,1.67,1.5,19.4
2005-09-16,13738.0,6.8,16.2,1.11,2.4,6.6
2005-09-17,14083.0,3.6,16.0,0.99,1.2,0.6
2005-09-18,16589.0,2.4,18.3,0.92,0.8,0.0
2005-09-19,16070.0,3.6,19.8,0.91,0.9,0.0
2005-09-20,15120.0,3.2,21.7,1.02,0.7,0.0
2005-09-21,14861.0,3.5,21.0,1.06,1.0,0.0
2005-09-22,14602.0,5.8,21.9,1.17,1.2,0.0
2005-09-23,13565.0,5.9,21.8,1.34,1.7,0.0
2005-09-24,10541.0,10.9,19.4,1.48,1.2,0.5
2005-09-25,9936.0,11.5,20.4,1.5,2.4,0.5
2005-09-26,7949.0,11.9,19.3,1.44,2.3,4.7
2005-09-27,3974.0,12.5,17.6,1.51,3.0,0.9
2005-09-28,12528.0,10.4,17.1,1.21,3.4,0.0
2005-09-29,10282.0,8.1,15.3,1.2,3.7,6.4
2005-09-30,4061.0,8.4,15.0,1.29,3.0,3.3
2005-10-01,9418.0,7.4,17.0,1.3,2.6,1.6
2005-10-02,11837.0,7.0,16.7,1.15,1.3,0.6
2005-10-03,9245.0,3.3,17.3,1.1,1.1,0.0
2005-10-04,5702.0,5.7,16.4,1.21,2.2,0.0
2005-10-05,10109.0,10.2,19.3,1.44,2.2,0.0
2005-10-06,8813.0,5.7,19.5,1.38,1.3,0.0
2005-10-07,10714.0,4.8,20.3,1.2,1.3,0.0
2005-10-08,5962.0,7.3,17.9,1.46,1.4,0.0
2005-10-09,4234.0,9.5,17.7,1.46,1.2,0.2
2005-10-10,10282.0,11.0,22.0,1.48,2.7,0.0
2005-10-11,10282.0,11.3,21.0,1.43,2.8,0.0
2005-10-12,10282.0,11.2,21.4,1.404,2.8,0.0
2005-10-13,10109.0,8.9,22.0,1.32,1.9,0.0
2005-10-14,7085.0,8.8,20.9,1.49,0.9,0.0
2005-10-15,9850.0,5.5,19.2,1.2,2.2,0.0
2005-10-16,10195.0,7.6,17.8,0.91,4.0,0.0
2005-10-17,10541.0,5.7,14.2,0.83,4.3,0.0
2005-10-18,10022.0,6.4,14.7,0.83,4.4,0.0
2005-10-19,2074.0,6.5,11.9,1.06,3.7,2.8
2005-10-20,6826.0,8.9,16.0,1.23,3.5,1.1
2005-10-21,2160.0,7.8,16.8,1.38,3.4,9.7
2005-10-22,3197.0,10.5,14.1,1.32,3.6,1.0
2005-10-23,4493.0,8.6,14.1,1.25,1.9,3.2
2005-10-24,691.0,9.0,15.1,1.4,3.9,15.5
2005-10-25,1814.0,13.2,15.8,1.45,6.1,4.4
2005-10-26,6134.0,12.4,17.4,1.46,3.5,0.0
2005-10-27,7603.0,12.6,21.5,1.52,3.1,0.0
2005-10-28,5789.0,13.5,20.3,1.54,2.9,0.0
2005-10-29,5702.0,13.4,20.7,1.63,2.8,0.0
2005-10-30,7517.0,13.9,20.4,1.5,3.4,0.0
2005-10-31,6134.0,12.6,20.0,1.5,3.1,0.0
2005-11-01,5530.0,6.8,15.9,1.24,3.2,0.4
2005-11-02,1210.0,7.2,15.2,1.37,4.0,5.9
2005-11-03,5616.0,13.5,18.6,1.43,4.6,0.2
2005-11-04,2851.0,8.5,15.5,1.33,3.0,1.0
2005-11-05,4234.0,5.6,11.4,0.98,3.0,0.0
2005-11-06,6480.0,8.0,14.6,1.11,4.1,0.1
2005-11-07,1987.0,8.4,13.4,1.22,2.9,1.5
2005-11-08,5098.0,7.9,16.6,1.17,3.5,0.0
2005-11-09,2246.0,5.9,12.7,1.05,2.0,0.0
2005-11-10,4234.0,3.2,12.2,1.01,3.5,1.5
2005-11-11,1987.0,10.3,14.0,1.27,5.0,0.4
2005-11-12,1728.0,7.5,10.7,1.08,2.8,0.2
2005-11-13,4925.0,1.8,12.6,0.94,0.7,0.0
2005-11-14,5270.0,-0.4,10.8,0.77,1.7,0.0
2005-11-15,518.0,4.7,9.0,0.98,2.7,4.3
2005-11-16,3456.0,3.2,7.5,0.84,2.8,5.2
2005-11-17,3888.0,0.3,7.6,0.74,1.9,1.5
2005-11-18,5098.0,-2.9,9.1,0.67,1.1,0.1
2005-11-19,2938.0,-4.2,4.1,0.64,1.1,0.0
2005-11-20,1296.0,1.6,6.4,0.83,1.7,0.1
2005-11-21,2333.0,3.0,11.9,0.92,2.2,0.1
2005-11-22,2419.0,-0.8,5.2,0.67,1.4,0.0
2005-11-23,1555.0,1.6,5.0,0.76,0.7,0.5
2005-11-24,605.0,0.9,5.3,0.77,3.9,8.5
2005-11-25,86.0,0.2,4.0,0.685,8.6,50.4
2005-11-26,432.0,0.1,1.3,0.63,2.2,12.4
2005-11-27,2419.0,-2.0,1.3,0.604,0.9,3.5
2005-11-28,1296.0,-1.7,2.6,0.661,1.7,0.0
2005-11-29,1555.0,0.2,4.0,0.71,1.9,0.0
2005-11-30,2765.0,-0.8,4.5,0.68,2.6,0.1
2005-12-01,3974.0,0.0,3.2,0.6,4.1,0.0
2005-12-02,1469.0,-0.2,6.3,0.67,4.7,0.3
2005-12-03,950.0,4.8,8.6,0.91,4.9,0.2
2005-12-04,2333.0,6.4,9.7,1.01,3.5,4.5
2005-12-05,1382.0,5.7,7.4,0.93,3.4,0.3
2005-12-06,518.0,4.8,6.2,0.89,2.4,0.0
2005-12-07,2678.0,4.2,9.1,0.89,3.2,1.9
2005-12-08,2592.0,-0.4,7.3,0.79,1.6,0.0
2005-12-09,2678.0,-3.9,4.0,0.64,1.0,0.0
2005-12-10,1728.0,-5.2,-0.6,0.51,1.1,0.0
2005-12-11,432.0,-1.3,4.3,0.69,1.5,0.0
2005-12-12,1814.0,3.8,8.5,0.87,1.2,0.1
2005-12-13,778.0,4.7,7.6,0.87,1.2,0.0
2005-12-14,2851.0,3.9,8.8,0.9,2.1,0.4
2005-12-15,1382.0,5.6,9.6,0.95,4.1,2.7
2005-12-16,1728.0,1.4,9.6,0.85,5.6,11.9
2005-12-17,2333.0,-0.8,3.6,0.62,3.1,2.6
2005-12-18,3197.0,-1.2,4.0,0.65,3.0,0.9
2005-12-19,2246.0,0.5,7.9,0.76,3.0,2.6
2005-12-20,605.0,2.3,4.9,0.8,3.0,0.1
2005-12-21,1210.0,3.1,6.1,0.84,3.2,1.2
2005-12-22,1728.0,6.1,8.4,0.98,2.4,3.1
2005-12-23,864.0,6.6,8.1,0.97,3.2,0.6
2005-12-24,1469.0,3.0,8.9,0.95,2.3,0.0
2005-12-25,3715.0,0.4,6.7,0.75,1.2,0.2
2005-12-26,2592.0,-3.4,5.7,0.64,1.8,0.6
2005-12-27,1642.0,-2.7,-0.3,0.5,3.0,0.0
2005-12-28,3197.0,-5.9,0.3,0.43,2.1,0.0
2005-12-29,3024.0,-7.2,1.6,0.52,2.2,0.0
2005-12-30,2246.0,-3.3,-0.1,0.49,4.9,5.2
2005-12-31,691.0,-0.1,6.0,0.812,4.0,4.1
2006-01-01,605.0,-2.1,5.6,0.78,2.0,0.0
2006-01-02,1382.0,-4.2,5.0,0.61,0.8,0.0
2006-01-03,3197.0,-4.5,4.1,0.59,1.2,0.0
2006-01-04,1210.0,-0.4,3.0,0.64,2.3,0.0
2006-01-05,518.0,-1.0,2.2,0.59,3.7,0.0
2006-01-06,864.0,1.3,2.6,0.65,3.3,0.0
2006-01-07,2333.0,1.4,3.4,0.66,3.3,0.0
2006-01-08,1123.0,0.9,3.9,0.64,2.9,0.0
2006-01-09,3802.0,-4.1,1.6,0.53,1.9,0.0
2006-01-10,2333.0,-2.1,4.1,0.64,2.9,0.0
2006-01-11,432.0,1.3,4.9,0.76,4.0,6.4
2006-01-12,1037.0,1.8,4.9,0.73,2.5,0.0
2006-01-13,3888.0,-0.9,3.9,0.62,3.0,0.0
2006-01-14,4147.0,-2.0,5.1,0.3,2.8,0.0
2006-01-15,4320.0,-3.7,0.8,0.48,2.8,0.0
2006-01-16,3888.0,-4.2,3.6,0.55,3.4,0.5
2006-01-17,346.0,3.0,6.2,0.83,3.4,6.8
2006-01-18,2419.0,-2.7,7.5,0.73,1.7,0.2
2006-01-19,691.0,-2.2,8.6,0.81,2.5,2.1
2006-01-20,605.0,3.5,9.6,0.95,4.3,4.7
2006-01-21,2419.0,2.6,7.7,0.81,3.7,0.7
2006-01-22,778.0,-2.4,2.7,0.57,2.4,0.0
2006-01-23,5443.0,-4.7,-0.6,0.35,3.6,0.0
2006-01-24,4666.0,-5.2,2.2,0.34,2.6,0.0
2006-01-25,2160.0,-6.3,4.8,0.58,2.6,1.0
2006-01-26,1296.0,-0.2,2.0,0.52,3.8,0.0
2006-01-27,2938.0,-6.3,-0.2,0.36,2.9,0.0
2006-01-28,5875.0,-7.3,2.4,0.3,2.2,0.0
2006-01-29,6394.0,-5.5,5.1,0.39,2.3,0.0
2006-01-30,2851.0,1.3,4.7,0.68,2.2,0.0
2006-01-31,5443.0,-4.6,4.8,0.6,1.6,0.0
2006-02-01,2160.0,-4.8,-2.1,0.46,1.5,0.0
2006-02-02,864.0,-4.8,-2.5,0.47,1.1,0.0
2006-02-03,1210.0,-3.2,3.1,0.58,1.3,0.0
2006-02-04,2160.0,-0.5,7.1,0.7,1.6,0.0
2006-02-05,691.0,0.6,5.2,0.69,1.6,1.2
2006-02-06,1210.0,1.2,5.9,0.76,2.7,0.2
2006-02-07,1642.0,4.4,8.0,0.88,4.4,0.8
2006-02-08,3715.0,2.5,7.1,0.8,5.6,15.5
2006-02-09,5789.0,0.3,5.9,0.64,5.5,2.6
2006-02-10,1210.0,0.6,3.2,0.68,2.3,0.9
2006-02-11,1469.0,0.1,3.2,0.66,0.9,0.0
2006-02-12,1814.0,-1.4,2.0,0.62,2.8,3.0
2006-02-13,3110.0,1.3,4.1,0.66,3.2,0.0
2006-02-14,3629.0,2.9,8.8,0.83,3.3,0.8
2006-02-15,1642.0,4.9,10.1,0.94,4.8,12.4
2006-02-16,3802.0,4.1,10.1,0.92,3.1,6.3
2006-02-17,1382.0,3.3,6.9,0.84,4.0,7.4
2006-02-18,3888.0,1.0,6.7,0.77,2.1,0.1
2006-02-19,5702.0,1.8,8.5,0.8,3.3,0.2
2006-02-20,1555.0,2.3,4.6,0.68,4.0,0.0
2006-02-21,2246.0,1.8,3.2,0.69,3.7,2.0
2006-02-22,1296.0,0.2,3.2,0.54,3.9,0.0
2006-02-23,7862.0,-2.2,3.6,0.435,2.0,0.0
2006-02-24,9763.0,-1.9,4.8,0.43,5.4,0.0
2006-02-25,11059.0,-2.0,4.3,0.45,4.4,0.0
2006-02-26,7171.0,-1.7,5.2,0.48,2.6,0.0
2006-02-27,3283.0,-0.7,4.4,0.64,2.0,2.2
2006-02-28,3888.0,-1.3,4.7,0.66,3.3,8.0
2006-03-01,6912.0,-1.9,3.1,0.58,4.7,3.2
2006-03-02,8640.0,-2.6,3.5,0.55,3.7,3.5
2006-03-03,6048.0,-6.8,1.9,0.53,1.0,2.0
2006-03-04,9850.0,-6.6,3.8,0.51,2.1,0.7
2006-03-05,7776.0,-3.2,4.4,0.62,3.6,3.4
2006-03-06,10627.0,-0.4,5.6,0.62,3.0,8.3
2006-03-07,9504.0,-1.5,6.8,0.57,2.0,0.4
2006-03-08,1382.0,1.4,6.5,0.75,3.5,17.0
2006-03-09,2851.0,4.6,7.7,0.95,2.4,6.5
2006-03-10,2678.0,2.5,7.1,0.8,3.6,7.4
2006-03-11,3802.0,-5.0,3.4,0.52,3.0,0.0
2006-03-12,12269.0,-6.7,2.4,0.33,1.3,0.0
2006-03-13,14429.0,-5.6,2.6,0.35,3.0,0.0
2006-03-14,11664.0,-3.7,4.8,0.4,3.6,0.0
2006-03-15,14170.0,-2.4,6.1,0.46,2.9,0.0
2006-03-16,2851.0,-1.0,2.8,0.54,3.2,0.0
2006-03-17,4320.0,-0.7,3.3,0.55,3.3,0.0
2006-03-18,14170.0,-1.4,5.0,0.57,3.3,0.0
2006-03-19,10800.0,-2.8,7.6,0.66,1.9,0.0
2006-03-20,11578.0,-0.4,9.7,0.63,1.9,0.0
2006-03-21,14256.0,-3.6,6.7,0.44,2.5,0.0
2006-03-22,9936.0,-4.9,6.3,0.44,1.6,0.0
2006-03-23,17194.0,-5.5,9.0,0.4,3.5,0.0
2006-03-24,6480.0,1.4,10.0,0.74,4.2,1.1
2006-03-25,7862.0,7.8,14.7,1.09,3.4,6.8
2006-03-26,11146.0,11.3,18.0,1.41,4.9,8.2
2006-03-27,7862.0,10.0,18.3,1.26,4.8,2.4
2006-03-28,11923.0,7.1,13.6,0.89,5.6,1.0
2006-03-29,8986.0,6.8,11.8,0.91,4.1,4.2
2006-03-30,7690.0,7.7,15.7,1.19,6.0,11.6
2006-03-31,9677.0,9.4,14.8,1.148,6.9,2.4
2006-04-01,10800.0,5.6,14.8,1.043,4.4,2.0
2006-04-02,8726.0,4.9,12.5,0.932,5.3,2.8
2006-04-03,9677.0,2.7,11.1,0.796,4.7,3.9
2006-04-04,12096.0,-0.2,8.8,0.67,2.6,1.1
2006-04-05,16502.0,-1.7,8.4,0.58,2.2,0.0
2006-04-06,13306.0,-0.6,10.4,0.55,3.6,0.0
2006-04-07,9850.0,2.9,10.9,0.76,3.0,1.3
2006-04-08,7430.0,3.0,9.5,0.81,4.4,6.6
2006-04-09,19008.0,-0.1,11.1,0.67,3.2,0.0
2006-04-10,16157.0,-1.5,10.6,0.65,2.1,0.1
2006-04-11,11664.0,-1.6,9.7,0.63,3.7,3.3
2006-04-12,8035.0,4.4,11.2,0.86,3.5,1.6
2006-04-13,5962.0,7.0,13.5,1.09,5.0,2.4
2006-04-14,14515.0,2.2,13.2,0.86,3.3,0.0
2006-04-15,8899.0,-0.4,12.8,0.91,2.9,3.2
2006-04-16,13219.0,9.2,15.3,1.15,3.4,1.4
2006-04-17,12874.0,7.7,14.2,0.93,3.6,0.2
2006-04-18,12874.0,6.1,14.7,0.92,3.0,0.0
2006-04-19,14774.0,3.8,14.8,0.99,2.8,0.0
2006-04-20,15552.0,5.7,16.0,0.96,2.1,0.0
2006-04-21,14861.0,7.7,19.3,1.06,1.5,0.3
2006-04-22,4925.0,5.0,10.3,0.96,1.9,0.0
2006-04-23,12960.0,0.9,14.0,0.95,1.5,0.0
2006-04-24,17453.0,8.4,18.6,1.02,2.0,0.0
2006-04-25,20131.0,9.2,21.9,1.16,2.2,0.0
2006-04-26,8035.0,5.6,16.7,1.27,1.9,2.1
2006-04-27,22032.0,4.3,16.9,0.93,2.2,0.0
2006-04-28,17107.0,1.7,13.2,0.809,2.6,0.1
2006-04-29,9158.0,3.2,10.8,0.796,2.0,8.6
2006-04-30,15034.0,2.6,11.5,0.714,1.4,0.0
2006-05-01,8208.0,3.6,10.4,0.97,3.5,4.0
2006-05-02,20304.0,5.2,18.6,1.08,2.6,0.0
2006-05-03,18490.0,11.6,25.0,1.39,2.2,0.0
2006-05-04,20822.0,9.0,25.7,1.11,3.1,0.0
2006-05-05,22550.0,13.7,24.4,1.17,3.0,0.0
2006-05-06,22810.0,11.2,23.9,0.89,3.2,0.0
2006-05-07,20822.0,13.7,23.9,0.79,4.2,0.0
2006-05-08,20650.0,12.4,24.5,0.94,4.0,0.0
2006-05-09,23846.0,10.8,24.7,0.91,3.4,0.0
2006-05-10,26006.0,7.7,24.5,0.92,2.3,0.0
2006-05-11,25402.0,6.1,25.4,0.97,1.3,0.0
2006-05-12,23069.0,9.0,24.6,1.14,1.5,0.0
2006-05-13,21254.0,8.4,21.7,1.16,2.0,0.0
2006-05-14,19699.0,9.4,17.6,0.93,1.8,0.0
2006-05-15,15811.0,8.7,21.2,1.21,2.7,0.3
2006-05-16,12442.0,12.0,18.5,1.41,3.1,0.0
2006-05-17,17712.0,10.4,20.0,1.37,2.1,2.7
2006-05-18,16502.0,11.8,18.5,1.42,4.3,10.0
2006-05-19,5443.0,10.5,14.5,1.26,5.9,8.8
2006-05-20,8640.0,9.2,15.8,1.25,5.3,34.3
2006-05-21,10973.0,11.2,16.8,1.34,4.3,3.3
2006-05-22,14429.0,12.1,19.4,1.25,5.4,3.9
2006-05-23,16243.0,7.6,13.9,1.02,4.0,3.9
2006-05-24,14342.0,6.9,14.3,1.06,4.9,11.2
2006-05-25,8294.0,5.7,14.0,1.16,2.5,4.8
2006-05-26,5530.0,6.1,14.7,1.37,3.1,13.3
2006-05-27,4234.0,13.0,15.7,1.54,3.9,4.4
2006-05-28,18490.0,10.8,15.6,0.36,4.1,1.1
2006-05-29,17194.0,6.6,15.5,0.98,2.8,7.4
2006-05-30,18230.0,4.4,13.4,0.88,2.6,1.7
2006-05-31,8381.0,4.9,12.1,1.01,2.4,2.5
2006-06-01,15379.0,5.5,13.6,0.92,2.6,0.4
2006-06-02,28426.0,2.7,18.0,0.99,1.3,0.0
2006-06-03,15466.0,8.3,19.7,1.28,2.1,0.0
2006-06-04,23328.0,6.5,17.0,0.96,1.6,0.0
2006-06-05,20390.0,3.7,15.5,0.98,1.6,0.1
2006-06-06,26957.0,2.7,18.1,1.01,1.4,0.0
2006-06-07,21946.0,4.2,20.4,1.05,1.1,0.0
2006-06-08,28253.0,5.0,23.7,1.05,1.2,0.0
2006-06-09,27475.0,7.9,25.8,1.2,1.6,0.0
2006-06-10,27994.0,9.9,27.3,1.26,2.4,0.0
2006-06-11,29203.0,17.0,28.9,1.4,2.8,0.0
2006-06-12,29635.0,16.3,29.4,1.26,2.8,0.0
2006-06-13,26093.0,15.5,31.9,1.74,1.3,0.0
2006-06-14,13997.0,13.2,21.2,1.8,2.1,3.8
2006-06-15,3888.0,11.2,15.7,1.48,1.8,6.5
2006-06-16,16762.0,9.7,18.0,1.12,1.5,0.0
2006-06-17,28426.0,9.8,23.9,1.18,1.2,0.0
2006-06-18,22982.0,11.3,28.1,1.57,1.6,0.0
2006-06-19,22291.0,15.3,23.9,1.79,3.1,0.0
2006-06-20,21082.0,15.3,22.2,1.56,2.8,0.0
2006-06-21,6048.0,12.8,19.5,1.47,4.7,0.1
2006-06-22,12528.0,11.4,18.7,1.2,4.1,0.0
2006-06-23,15552.0,9.6,20.3,1.31,1.5,0.0
2006-06-24,20131.0,8.5,24.4,1.29,1.4,0.0
2006-06-25,7344.0,11.8,23.3,1.77,1.5,8.9
2006-06-26,4147.0,13.0,19.1,1.75,3.7,0.1
2006-06-27,12874.0,11.2,18.9,1.36,1.8,0.0
2006-06-28,24883.0,7.5,21.4,1.2,1.3,0.0
2006-06-29,26870.0,9.1,24.4,1.19,1.6,0.0
2006-06-30,27562.0,13.1,27.9,1.61,1.4,0.0
2006-07-01,29117.0,11.4,29.2,1.36,2.2,0.0
2006-07-02,28339.0,15.0,29.9,1.42,2.9,0.0
2006-07-03,29290.0,17.2,29.6,1.28,2.9,0.0
2006-07-04,27216.0,14.9,32.4,1.64,1.6,0.0
2006-07-05,20650.0,17.2,29.2,1.98,1.8,0.0
2006-07-06,20736.0,18.1,27.2,2.03,1.7,20.1
2006-07-07,15725.0,17.4,23.4,2.05,2.1,0.0
2006-07-08,19699.0,16.5,23.5,1.68,2.1,0.1
2006-07-09,16848.0,16.3,25.5,1.72,3.8,0.0
2006-07-10,23328.0,15.0,25.0,1.67,2.2,0.0
2006-07-11,14342.0,11.4,24.4,1.98,1.7,0.3
2006-07-12,27648.0,8.7,25.4,1.43,1.3,0.0
2006-07-13,28080.0,9.8,27.1,1.46,1.9,0.0
2006-07-14,27821.0,12.1,23.7,1.2,2.8,0.0
2006-07-15,27562.0,7.0,26.7,1.15,2.5,0.0
2006-07-16,27994.0,15.6,29.5,1.19,2.6,0.0
2006-07-17,27907.0,13.4,31.2,1.32,2.1,0.0
2006-07-18,27216.0,12.4,33.6,1.49,1.3,0.0
2006-07-19,26611.0,17.4,35.9,1.61,1.7,0.0
2006-07-20,21686.0,19.9,30.0,2.01,2.6,0.0
2006-07-21,25315.0,18.0,31.3,1.99,1.8,0.0
2006-07-22,15379.0,16.9,30.4,2.19,1.9,0.3
2006-07-23,17107.0,15.9,28.4,2.14,2.1,0.0
2006-07-24,25488.0,13.2,29.9,1.77,1.3,0.0
2006-07-25,24710.0,17.4,31.7,1.7,2.4,0.0
2006-07-26,22637.0,18.9,33.3,1.85,1.7,0.0
2006-07-27,12010.0,16.6,27.5,2.08,1.3,0.0
2006-07-28,12614.0,16.3,28.7,2.13,1.1,0.9
2006-07-29,17280.0,13.9,28.2,1.87,1.4,0.0
2006-07-30,12096.0,15.6,28.2,1.88,2.1,5.3
2006-07-31,18058.0,14.7,24.4,1.61,2.3,0.1
2006-08-01,8294.0,13.9,21.0,1.72,3.5,9.7
2006-08-02,11405.0,13.5,20.8,1.62,3.9,8.4
2006-08-03,8467.0,13.0,19.2,1.65,1.4,7.2
2006-08-04,14774.0,15.7,22.9,1.88,2.3,25.1
2006-08-05,19786.0,15.4,24.7,1.92,1.9,0.0
2006-08-06,20304.0,14.0,24.8,1.73,1.8,0.0
2006-08-07,14256.0,10.5,24.5,1.83,1.8,0.0
2006-08-08,10541.0,11.1,20.3,1.47,1.5,0.5
2006-08-09,6912.0,9.1,19.1,1.54,1.8,1.7
2006-08-10,9158.0,9.9,17.8,1.42,2.3,1.7
2006-08-11,9763.0,9.6,16.5,1.43,2.0,9.7
2006-08-12,11837.0,10.2,18.4,1.43,1.1,0.8
2006-08-13,21168.0,6.2,21.7,1.2,1.7,0.0
2006-08-14,6394.0,11.0,19.6,1.67,3.1,9.4
2006-08-15,7949.0,14.3,19.2,1.69,3.1,1.8
2006-08-16,15811.0,13.9,23.6,1.68,1.7,14.5
2006-08-17,13910.0,14.7,23.5,1.95,2.4,0.2
2006-08-18,12355.0,16.5,22.9,1.84,2.8,3.0
2006-08-19,16934.0,14.9,24.3,1.8,2.6,1.8
2006-08-20,8986.0,13.9,19.4,1.76,3.8,17.8
2006-08-21,13306.0,11.9,21.1,1.69,3.5,10.5
2006-08-22,15120.0,11.0,19.8,1.53,2.5,1.1
2006-08-23,18403.0,10.2,21.5,1.46,1.5,0.0
2006-08-24,10541.0,11.3,20.2,1.62,1.9,9.6
2006-08-25,8035.0,10.8,20.0,1.65,1.3,26.5
2006-08-26,7776.0,10.1,18.6,1.5,1.2,0.1
2006-08-27,11750.0,11.9,20.2,1.56,2.1,4.8
2006-08-28,8640.0,11.0,17.3,1.44,3.1,23.0
2006-08-29,10800.0,9.2,17.3,1.29,2.3,15.9
2006-08-30,10282.0,9.5,17.8,1.34,1.9,9.2
2006-08-31,8294.0,13.4,21.0,1.75,2.0,0.0
2006-09-01,7690.0,13.0,20.6,1.74,2.9,0.1
2006-09-02,2765.0,16.7,21.8,2.06,5.8,3.8
2006-09-03,14429.0,12.4,21.4,1.61,3.1,0.1
2006-09-04,5875.0,12.0,22.5,1.91,1.6,0.0
2006-09-05,16157.0,16.1,25.1,2.02,1.7,0.0
2006-09-06,10714.0,9.7,19.9,1.57,2.0,0.1
2006-09-07,17366.0,8.3,19.4,1.22,1.4,0.0
2006-09-08,18749.0,4.4,20.8,1.23,2.7,0.0
2006-09-09,18058.0,11.1,24.4,1.36,2.5,0.0
2006-09-10,16070.0,8.8,26.7,1.6,1.0,0.0
2006-09-11,16157.0,10.7,28.5,1.84,1.6,0.0
2006-09-12,15466.0,17.9,28.1,1.95,2.1,0.0
2006-09-13,13565.0,17.7,27.9,1.87,2.4,0.0
2006-09-14,15034.0,17.3,26.2,1.53,2.7,0.0
2006-09-15,13824.0,15.4,26.9,1.8,1.3,0.0
2006-09-16,7862.0,12.7,20.5,1.81,2.0,0.0
2006-09-17,5530.0,14.5,20.2,1.79,1.7,0.0
2006-09-18,6048.0,10.0,18.5,1.46,2.6,2.0
2006-09-19,15466.0,9.7,21.1,1.27,2.3,0.0
2006-09-20,15638.0,11.7,25.7,1.52,3.0,0.0
2006-09-21,13306.0,16.4,26.9,1.63,3.0,0.0
2006-09-22,6394.0,14.5,24.0,1.8,1.4,0.0
2006-09-23,8122.0,15.6,24.9,1.91,1.9,0.0
2006-09-24,5962.0,15.2,22.0,1.83,2.4,0.0
2006-09-25,4234.0,13.0,19.4,1.76,2.3,3.7
2006-09-26,10627.0,11.7,19.9,1.53,1.5,0.0
2006-09-27,9331.0,13.0,21.8,1.57,1.8,0.0
2006-09-28,8294.0,13.9,22.2,1.73,2.5,0.0
2006-09-29,12269.0,12.1,21.7,1.51,1.8,0.0
2006-09-30,6566.0,13.5,20.8,1.59,3.4,1.5
2006-10-01,6048.0,12.7,17.7,1.53,5.0,7.2
2006-10-02,4579.0,11.3,17.4,1.47,2.7,0.0
2006-10-03,6912.0,9.1,16.1,1.4,2.9,4.1
2006-10-04,8986.0,9.7,16.6,1.34,3.9,6.8
2006-10-05,1728.0,13.9,16.4,1.64,5.3,7.0
2006-10-06,11578.0,10.1,16.6,1.26,4.6,0.7
2006-10-07,6739.0,8.5,16.7,1.26,2.2,0.0
2006-10-08,8813.0,9.0,18.7,1.44,1.7,0.0
2006-10-09,3974.0,10.5,18.6,1.7,1.7,0.8
2006-10-10,10195.0,12.5,20.0,1.63,2.8,0.0
2006-10-11,5098.0,10.3,19.7,1.67,1.4,0.0
2006-10-12,5098.0,4.8,17.7,0.83,1.1,0.0
2006-10-13,7517.0,9.5,16.6,1.34,2.8,0.0
2006-10-14,7344.0,7.5,15.2,1.18,3.1,0.0
2006-10-15,10195.0,5.6,17.4,1.09,3.1,0.0
2006-10-16,9418.0,7.7,16.7,1.15,2.4,0.0
2006-10-17,4406.0,10.4,16.8,1.46,1.9,2.4
2006-10-18,4320.0,11.9,16.9,1.55,2.9,0.9
2006-10-19,4838.0,13.6,17.2,1.54,3.2,0.2
2006-10-20,5962.0,13.1,16.9,1.54,3.5,0.1
2006-10-21,4579.0,11.6,17.3,1.52,4.2,5.4
2006-10-22,5270.0,11.9,18.9,1.71,3.9,11.2
2006-10-23,3456.0,9.8,15.7,1.42,3.7,5.7
2006-10-24,4061.0,8.4,14.8,1.29,3.0,2.0
2006-10-25,5616.0,13.7,21.9,1.7,4.1,0.0
2006-10-26,7344.0,8.4,15.5,1.21,2.7,0.0
2006-10-27,2160.0,7.8,16.1,1.49,3.1,1.2
2006-10-28,5011.0,7.4,16.4,1.4,3.2,0.0
2006-10-29,5011.0,6.8,14.8,1.2,2.3,0.0
2006-10-30,2246.0,7.3,15.7,1.24,5.1,2.0
2006-10-31,6221.0,0.1,10.8,0.727,3.4,4.5
2006-11-01,6134.0,-0.7,9.2,0.782,1.6,2.2
2006-11-02,3456.0,0.3,9.8,0.87,1.1,0.3
2006-11-03,3974.0,4.4,11.7,1.015,2.3,0.0
2006-11-04,1901.0,8.8,12.4,1.192,3.6,0.0
2006-11-05,2592.0,9.7,12.5,1.234,2.7,0.0
2006-11-06,1728.0,0.0,9.9,0.922,1.7,0.0
2006-11-07,2419.0,2.6,12.8,1.096,4.2,4.7
2006-11-08,4666.0,4.3,12.6,0.972,2.6,0.2
2006-11-09,4666.0,1.6,10.6,0.871,2.0,0.0
2006-11-10,2419.0,5.6,12.0,0.996,5.3,20.9
2006-11-11,2851.0,5.2,9.2,0.936,3.5,4.8
2006-11-12,1037.0,7.1,14.0,1.231,4.5,4.0
2006-11-13,3197.0,9.9,14.2,1.326,4.2,4.0
2006-11-14,2333.0,10.7,15.0,1.36,3.7,0.3
2006-11-15,2160.0,10.7,17.0,1.338,3.9,4.5
2006-11-16,3802.0,8.8,12.9,1.172,3.2,0.5
2006-11-17,3370.0,4.7,11.5,0.977,2.8,0.6
2006-11-18,950.0,4.5,6.9,0.884,1.9,3.2
2006-11-19,605.0,4.9,9.5,0.986,5.1,8.9
2006-11-20,2678.0,2.8,9.7,0.97,3.2,9.7
2006-11-21,1728.0,3.0,8.4,0.911,4.3,5.4
2006-11-22,605.0,7.2,13.0,1.202,5.1,9.4
2006-11-23,2592.0,7.3,13.5,1.182,4.0,0.4
2006-11-24,864.0,9.9,17.7,1.292,5.3,2.7
2006-11-25,2678.0,7.8,13.6,1.162,3.0,0.0
2006-11-26,2938.0,6.4,14.9,1.236,2.8,0.0
2006-11-27,3024.0,8.7,14.7,1.271,2.7,0.6
2006-11-28,3974.0,5.3,11.5,1.042,2.0,0.0
2006-11-29,1555.0,3.1,6.7,0.856,2.9,0.0
2006-11-30,5011.0,6.8,14.8,1.2,2.3,0.0
2006-12-01,2246.0,7.3,15.7,1.24,5.1,2.0
2006-12-02,6221.0,0.1,10.8,0.727,3.4,4.5
2006-12-03,6134.0,-0.7,9.2,0.782,1.6,2.2
2006-12-04,3456.0,0.3,9.8,0.87,1.1,0.3
2006-12-05,3974.0,4.4,11.7,1.015,2.3,0.0
2006-12-06,1901.0,8.8,12.4,1.192,3.6,0.0
2006-12-07,2592.0,9.7,12.5,1.234,2.7,0.0
2006-12-08,1728.0,0.0,9.9,0.922,1.7,0.0
2006-12-09,2419.0,2.6,12.8,1.096,4.2,4.7
2006-12-10,4666.0,4.3,12.6,0.972,2.6,0.2
2006-12-11,4666.0,1.6,10.6,0.871,2.0,0.0
2006-12-12,2419.0,5.6,12.0,0.996,5.3,20.9
2006-12-13,2851.0,5.2,9.2,0.936,3.5,4.8
2006-12-14,1037.0,7.1,14.0,1.231,4.5,4.0
2006-12-15,3197.0,9.9,14.2,1.326,4.2,4.0
2006-12-16,2333.0,10.7,15.0,1.36,3.7,0.3
2006-12-17,2160.0,10.7,17.0,1.338,3.9,4.5
2006-12-18,3802.0,8.8,12.9,1.172,3.2,0.5
2006-12-19,3370.0,4.7,11.5,0.977,2.8,0.6
2006-12-20,950.0,4.5,6.9,0.884,1.9,3.2
2006-12-21,605.0,4.9,9.5,0.986,5.1,8.9
2006-12-22,2678.0,2.8,9.7,0.97,3.2,9.7
2006-12-23,1728.0,3.0,8.4,0.911,4.3,5.4
2006-12-24,605.0,7.2,13.0,1.202,5.1,9.4
2006-12-25,2592.0,7.3,13.5,1.182,4.0,0.4
2006-12-26,864.0,9.9,17.7,1.292,5.3,2.7
2006-12-27,2678.0,7.8,13.6,1.162,3.0,0.0
2006-12-28,2938.0,6.4,14.9,1.236,2.8,0.0
2006-12-29,3024.0,8.7,14.7,1.271,2.7,0.6
2006-12-30,3974.0,5.3,11.5,1.042,2.0,0.0
2006-12-31,1555.0,3.1,6.7,0.856,2.9,0.0
2007-01-01,1382.0,4.7,12.1,0.92,5.9,3.7
2007-01-02,1210.0,2.9,7.1,0.85,3.7,5.8
2007-01-03,778.0,2.0,8.9,0.9,4.0,1.7
2007-01-04,1210.0,6.9,9.8,1.05,6.1,7.9
2007-01-05,864.0,5.4,10.1,1.06,3.8,2.3
2007-01-06,1210.0,6.3,10.8,1.08,3.2,10.5
2007-01-07,1210.0,6.2,9.8,0.99,4.8,0.5
2007-01-08,2678.0,8.1,12.0,1.06,5.1,5.9
2007-01-09,1123.0,11.9,13.8,1.19,7.4,0.2
2007-01-10,518.0,6.6,13.5,1.09,6.6,4.1
2007-01-11,173.0,5.3,10.3,0.88,8.3,19.3
2007-01-12,1469.0,6.2,12.4,1.05,6.7,0.0
2007-01-13,691.0,10.1,11.8,1.22,6.0,0.5
2007-01-14,4061.0,3.1,10.4,0.83,4.2,1.3
2007-01-15,3715.0,3.1,8.7,0.77,3.2,0.0
2007-01-16,1123.0,3.8,9.2,1.0,4.1,1.5
2007-01-17,1555.0,7.7,11.9,1.11,6.1,8.8
2007-01-18,259.0,7.4,13.7,0.56,9.9,28.3
2007-01-19,2592.0,8.1,11.7,1.02,5.3,2.4
2007-01-20,1123.0,6.7,13.4,1.12,7.5,3.2
2007-01-21,2938.0,4.0,7.8,0.82,6.5,5.6
2007-01-22,2160.0,-4.4,5.2,0.65,2.6,3.5
2007-01-23,3456.0,-6.0,1.2,0.44,0.7,0.0
2007-01-24,2333.0,-5.5,-0.9,0.5,1.2,0.0
2007-01-25,4320.0,-5.7,0.2,0.21,1.5,0.0
2007-01-26,1210.0,-2.2,4.2,0.63,4.0,4.7
2007-01-27,3024.0,0.7,6.4,0.71,2.4,0.3
2007-01-28,691.0,4.7,8.1,0.9,5.3,2.4
2007-01-29,2333.0,6.8,9.7,0.99,2.7,0.2
2007-01-30,1901.0,6.6,9.2,1.01,2.1,0.0
2007-01-31,2765.0,3.3,8.7,0.89,4.2,0.6
2007-02-01,950.0,6.5,9.5,0.1,1.5,0.0
2007-02-02,1642.0,2.2,9.9,0.96,2.6,0.0
2007-02-03,6480.0,0.3,10.3,0.76,1.4,0.0
2007-02-04,3629.0,-2.8,9.1,0.75,0.9,0.0
2007-02-05,2333.0,-2.6,4.7,0.67,1.3,0.7
2007-02-06,5098.0,-2.6,5.3,0.62,1.1,0.1
2007-02-07,5098.0,-2.4,3.2,0.58,2.4,0.0
2007-02-08,1382.0,-3.2,3.8,0.617,4.0,10.6
2007-02-09,1642.0,1.4,3.9,0.7,2.7,0.3
2007-02-10,2333.0,1.5,7.3,0.78,4.3,4.6
2007-02-11,1642.0,5.2,9.9,1.0,4.0,12.5
2007-02-12,3197.0,6.5,11.9,1.03,4.9,7.9
2007-02-13,2506.0,5.4,9.3,0.97,5.0,3.9
2007-02-14,1210.0,5.1,6.4,0.9,2.8,7.9
2007-02-15,8294.0,1.3,11.2,0.82,2.3,0.0
2007-02-16,6739.0,3.1,11.9,0.7,4.8,0.0
2007-02-17,5875.0,3.2,10.9,0.74,3.6,0.0
2007-02-18,1814.0,2.1,6.4,0.82,1.5,0.0
2007-02-19,3715.0,2.8,7.5,0.82,1.9,0.0
2007-02-20,6048.0,4.6,11.5,0.96,2.4,0.0
2007-02-21,1814.0,4.2,10.1,1.0,2.9,1.6
2007-02-22,6826.0,3.3,11.8,0.888,2.9,0.0
2007-02-23,2678.0,6.6,11.9,1.05,3.2,1.2
2007-02-24,3715.0,8.4,12.6,1.09,4.6,5.3
2007-02-25,2074.0,6.3,9.0,1.0,3.6,12.7
2007-02-26,1987.0,5.2,8.3,0.9,4.2,2.5
2007-02-27,1987.0,3.7,11.2,0.95,4.1,11.7
2007-02-28,4493.0,7.0,11.9,1.04,7.3,9.5
2007-03-01,7171.0,5.1,10.2,0.898,6.5,14.1
2007-03-02,5443.0,3.0,8.6,0.768,3.7,2.3
2007-03-03,2419.0,4.1,8.5,0.859,3.2,9.2
2007-03-04,6394.0,3.3,12.4,0.888,3.3,0.0
2007-03-05,7862.0,6.7,11.3,0.88,5.1,7.4
2007-03-06,1728.0,7.9,9.6,1.02,5.9,16.4
2007-03-07,4234.0,6.2,10.4,1.044,3.5,3.3
2007-03-08,12096.0,3.3,13.3,0.9,2.0,0.0
2007-03-09,2160.0,3.0,8.3,0.9,2.8,4.5
2007-03-10,11923.0,1.5,11.9,0.84,2.9,0.0
2007-03-11,10800.0,3.9,13.9,0.97,2.3,0.0
2007-03-12,13824.0,2.3,16.6,0.82,1.6,0.0
2007-03-13,12701.0,0.3,14.0,0.86,1.8,0.0
2007-03-14,9158.0,-2.0,12.4,0.76,1.0,0.0
2007-03-15,13046.0,-1.5,13.1,0.76,1.1,0.0
2007-03-16,3888.0,5.5,11.3,1.0,2.7,0.3
2007-03-17,4234.0,8.0,13.6,1.08,5.5,0.1
2007-03-18,7517.0,1.9,9.6,0.802,7.1,12.3
2007-03-19,6998.0,-1.0,6.9,0.67,2.8,2.9
2007-03-20,8381.0,-1.2,7.3,0.71,2.3,2.4
2007-03-21,9418.0,0.0,9.1,0.67,2.7,1.3
2007-03-22,7344.0,4.7,9.6,0.69,4.5,0.0
2007-03-23,4320.0,4.1,8.4,0.69,3.5,0.0
2007-03-24,5875.0,5.2,12.5,0.89,3.1,0.0
2007-03-25,12960.0,6.2,14.1,0.73,4.0,0.0
2007-03-26,16330.0,6.7,16.9,0.71,4.6,0.0
2007-03-27,16330.0,7.4,16.9,0.66,4.2,0.0
2007-03-28,14342.0,2.9,17.1,0.71,2.7,0.0
2007-03-29,8381.0,1.2,14.5,0.97,1.7,0.2
2007-03-30,14429.0,2.5,15.7,0.45,2.1,0.7
2007-03-31,15725.0,5.7,16.1,0.81,3.9,0.0
2007-04-01,17712.0,7.3,17.3,0.63,4.2,0.0
2007-04-02,16934.0,4.7,18.8,0.69,2.9,0.0
2007-04-03,8122.0,3.8,11.0,0.78,3.1,0.0
2007-04-04,18749.0,0.9,12.4,0.64,2.2,0.0
2007-04-05,16416.0,-0.7,15.7,0.9,1.4,0.0
2007-04-06,17021.0,3.6,17.9,0.92,2.1,0.0
2007-04-07,10627.0,3.6,13.3,0.86,1.5,0.0
2007-04-08,18317.0,-1.5,15.1,0.8,2.1,0.0
2007-04-09,16157.0,4.7,15.5,0.97,3.0,0.0
2007-04-10,8899.0,6.7,15.5,1.17,2.5,0.0
2007-04-11,11318.0,6.2,16.3,1.1,1.5,0.0
2007-04-12,19008.0,3.5,20.5,1.03,2.4,0.0
2007-04-13,16070.0,9.4,23.7,1.23,2.2,0.0
2007-04-14,19699.0,6.7,26.5,1.16,1.9,0.0
2007-04-15,21082.0,8.5,27.3,1.09,1.8,0.0
2007-04-16,20131.0,6.4,26.9,1.17,1.5,0.0
2007-04-17,15898.0,4.4,14.2,1.01,2.1,0.0
2007-04-18,14688.0,2.0,14.3,0.8,1.3,0.0
2007-04-19,21427.0,0.7,16.8,0.87,2.9,0.0
2007-04-20,19440.0,3.3,12.4,0.67,1.7,0.0
2007-04-21,21082.0,-1.8,14.7,0.61,1.9,0.0
2007-04-22,22291.0,0.4,20.1,0.77,1.4,0.0
2007-04-23,17107.0,7.0,22.9,0.99,1.8,0.0
2007-04-24,13738.0,10.3,22.2,1.38,1.3,0.0
2007-04-25,17971.0,13.5,28.1,1.4,2.1,0.0
2007-04-26,20822.0,9.4,27.7,1.459,1.6,0.0
2007-04-27,21946.0,6.7,26.6,1.03,2.1,0.0
2007-04-28,22291.0,8.0,26.8,1.14,1.8,0.0
2007-04-29,24106.0,11.3,21.6,0.93,4.0,0.0
2007-04-30,25229.0,6.6,19.4,0.63,4.3,0.0
2007-05-01,24710.0,8.2,21.4,0.8,3.5,0.0
2007-05-02,25142.0,7.5,21.2,0.7,3.0,0.0
2007-05-03,22550.0,3.9,21.2,0.92,2.0,0.0
2007-05-04,20736.0,6.0,23.1,0.92,2.5,0.0
2007-05-05,23933.0,7.7,20.9,1.09,2.7,0.0
2007-05-06,15984.0,1.9,17.6,1.07,3.2,0.1
2007-05-07,2246.0,10.9,14.1,1.45,4.3,27.7
2007-05-08,13738.0,9.3,15.9,1.21,5.1,12.3
2007-05-09,11405.0,9.7,16.2,1.29,3.6,4.5
2007-05-10,11318.0,10.8,16.9,1.33,5.0,9.9
2007-05-11,8726.0,10.1,15.0,1.29,4.5,8.2
2007-05-12,12528.0,10.9,17.3,1.3,4.6,6.7
2007-05-13,12010.0,11.5,18.7,1.48,2.9,0.8
2007-05-14,9850.0,9.8,17.3,1.33,3.3,7.2
2007-05-15,21341.0,8.1,16.2,1.06,2.4,0.8
2007-05-16,14256.0,8.3,16.4,1.18,2.9,20.7
2007-05-17,14947.0,5.4,15.5,1.02,1.4,1.4
2007-05-18,20822.0,5.2,22.6,1.58,2.9,0.0
2007-05-19,22723.0,6.5,18.4,1.19,3.1,0.8
2007-05-20,16070.0,4.3,19.8,1.29,1.6,5.7
2007-05-21,6739.0,12.8,19.4,1.8,1.0,0.0
2007-05-22,9245.0,6.6,19.1,1.61,1.2,0.0
2007-05-23,27216.0,5.0,22.0,1.14,1.3,0.0
2007-05-24,26784.0,8.5,24.9,1.33,1.2,0.0
2007-05-25,20390.0,12.6,25.4,1.62,1.3,0.0
2007-05-26,16762.0,12.5,18.4,1.39,2.1,2.7
2007-05-27,10454.0,11.1,18.9,1.431,1.9,5.5
2007-05-28,7949.0,10.4,15.3,1.39,1.4,2.7
2007-05-29,8554.0,6.4,13.0,1.16,3.8,0.3
2007-05-30,25142.0,6.3,19.9,0.98,2.9,0.0
2007-05-31,17107.0,9.6,20.9,1.44,2.0,3.3
2007-06-01,24797.0,8.6,24.4,1.23,1.6,0.0
2007-06-02,21600.0,9.3,24.1,1.31,1.6,0.0
2007-06-03,15034.0,11.2,22.4,1.64,1.6,0.0
2007-06-04,21859.0,10.6,23.4,1.45,1.8,0.0
2007-06-05,21773.0,14.8,24.1,1.6,2.1,0.0
2007-06-06,20563.0,13.5,23.8,1.67,1.9,0.0
2007-06-07,20909.0,14.3,27.8,1.89,1.9,0.0
2007-06-08,22550.0,16.8,31.1,2.04,2.4,12.1
2007-06-09,10800.0,15.3,22.4,2.0,1.9,4.3
2007-06-10,11837.0,15.5,23.6,1.979,1.4,18.7
2007-06-11,16502.0,16.2,26.8,2.09,1.3,0.0
2007-06-12,5443.0,14.5,18.6,1.78,2.4,0.0
2007-06-13,18058.0,13.3,22.1,1.79,2.3,0.0
2007-06-14,16848.0,12.9,26.2,1.891,1.9,17.5
2007-06-15,11923.0,15.8,21.7,1.86,2.6,0.2
2007-06-16,15725.0,14.0,20.5,1.62,3.1,1.3
2007-06-17,17280.0,13.8,20.9,1.58,3.0,1.1
2007-06-18,10973.0,13.0,21.0,1.76,1.6,10.0
2007-06-19,28080.0,9.9,25.3,1.51,1.7,0.0
2007-06-20,20563.0,13.1,23.3,1.81,2.3,0.7
2007-06-21,5357.0,13.7,19.5,1.69,1.3,3.8
2007-06-22,17366.0,13.7,21.3,1.61,2.2,3.8
2007-06-23,13392.0,13.4,19.2,1.68,2.8,9.3
2007-06-24,14602.0,12.4,19.3,1.62,2.5,2.7
2007-06-25,12614.0,11.9,20.7,1.62,2.4,4.0
2007-06-26,12182.0,8.9,15.5,1.31,4.5,4.6
2007-06-27,19613.0,8.4,17.4,1.15,4.2,0.4
2007-06-28,25747.0,12.1,18.5,1.17,3.4,1.2
2007-06-29,6221.0,12.5,16.9,1.56,4.2,8.8
2007-06-30,11578.0,14.6,19.4,1.64,2.9,0.1
2007-07-01,19526.0,16.7,24.3,1.9,2.5,0.9
2007-07-02,15725.0,14.8,20.7,1.74,3.2,9.0
2007-07-03,9850.0,13.5,18.5,1.59,3.4,2.0
2007-07-04,8986.0,11.6,17.0,1.55,3.1,16.8
2007-07-05,18144.0,11.8,19.8,1.55,3.7,23.8
2007-07-06,4579.0,13.1,16.5,1.51,6.1,5.8
2007-07-07,19786.0,11.7,20.6,1.51,4.1,1.1
2007-07-08,22032.0,10.8,22.3,1.35,1.4,0.7
2007-07-09,20390.0,11.0,20.3,1.36,1.5,0.4
2007-07-10,16762.0,9.7,18.6,1.407,2.1,5.1
2007-07-11,10109.0,10.6,17.5,1.501,3.2,0.7
2007-07-12,10022.0,12.5,19.6,1.652,3.3,1.4
2007-07-13,14861.0,16.3,25.1,2.064,2.9,0.1
2007-07-14,19958.0,14.5,25.2,2.02,3.3,0.0
2007-07-15,16330.0,14.4,29.8,2.23,1.6,0.0
2007-07-16,17885.0,16.9,28.6,2.228,1.9,0.8
2007-07-17,22032.0,13.8,23.4,1.644,3.4,2.1
2007-07-18,20131.0,12.6,22.9,1.6,1.9,2.2
2007-07-19,21168.0,10.0,25.0,1.455,1.2,0.0
2007-07-20,8467.0,14.8,22.5,1.862,2.6,11.8
2007-07-21,24451.0,12.0,23.2,1.453,2.4,14.9
2007-07-22,15120.0,10.7,20.0,1.568,2.1,4.2
2007-07-23,8640.0,10.2,20.9,1.608,2.7,6.7
2007-07-24,15120.0,13.4,19.8,1.547,4.2,4.2
2007-07-25,21686.0,13.0,22.2,1.599,2.9,0.0
2007-07-26,10368.0,15.4,21.4,1.817,3.5,9.1
2007-07-27,19094.0,14.3,21.5,1.584,4.7,0.2
2007-07-28,19008.0,14.3,20.8,1.601,2.9,13.9
2007-07-29,10627.0,9.4,18.8,1.447,2.2,19.1
2007-07-30,20563.0,9.0,17.8,1.172,3.1,2.3
2007-07-31,20736.0,9.1,18.8,1.216,1.7,0.0
2007-08-01,24278.0,8.3,22.9,1.254,1.5,0.0
2007-08-02,8381.0,10.0,21.3,1.525,1.1,0.0
2007-08-03,19526.0,10.1,22.6,1.407,1.4,0.0
2007-08-04,25315.0,12.0,26.0,1.556,1.9,0.0
2007-08-05,25747.0,14.1,29.3,1.568,3.2,0.0
2007-08-06,19440.0,16.7,27.9,1.888,2.8,0.4
2007-08-07,10368.0,15.4,22.0,1.764,1.3,0.4
2007-08-08,12614.0,10.7,19.7,1.477,1.5,0.0
2007-08-09,1987.0,14.0,17.4,1.694,2.2,7.6
2007-08-10,9936.0,11.7,20.3,1.807,1.9,0.0
2007-08-11,22550.0,9.8,21.2,1.368,1.1,0.0
2007-08-12,19872.0,7.8,23.4,1.549,1.5,7.0
2007-08-13,17626.0,13.5,21.5,1.603,2.5,0.0
2007-08-14,17885.0,13.6,24.8,1.613,3.5,2.3
2007-08-15,13910.0,17.7,25.0,1.998,4.4,5.6
2007-08-16,14947.0,11.4,19.0,1.531,4.2,6.6
2007-08-17,10800.0,11.6,17.5,1.425,2.4,8.8
2007-08-18,18403.0,10.8,20.5,1.411,2.2,0.0
2007-08-19,14947.0,14.5,23.3,1.625,2.3,0.0
2007-08-20,9072.0,13.5,20.3,1.725,2.0,5.7
2007-08-21,10973.0,13.2,21.3,1.82,1.6,6.9
2007-08-22,9072.0,15.2,20.5,1.76,3.7,0.9
2007-08-23,10973.0,13.9,23.7,1.796,1.6,3.9
2007-08-24,19958.0,10.8,25.6,1.79,1.0,0.3
2007-08-25,17107.0,13.8,23.5,1.78,1.7,0.0
2007-08-26,12614.0,10.0,22.6,1.61,1.5,0.0
2007-08-27,13392.0,7.4,19.2,1.23,1.2,0.0
2007-08-28,16157.0,8.3,18.5,1.05,1.1,0.0
2007-08-29,17712.0,7.2,18.8,1.0,1.2,0.0
2007-08-30,9590.0,6.8,19.0,1.45,2.9,0.1
2007-08-31,7344.0,14.7,19.3,1.68,3.1,1.1
2007-09-01,9418.0,11.6,20.2,1.66,2.0,1.2
2007-09-02,11232.0,13.6,21.1,1.68,3.7,3.3
2007-09-03,16416.0,6.8,18.1,1.34,1.9,16.9
2007-09-04,17366.0,6.3,16.7,1.04,2.0,0.3
2007-09-05,5184.0,5.8,14.3,1.325,1.3,0.9
2007-09-06,10195.0,13.2,20.7,1.694,1.7,0.0
2007-09-07,9158.0,10.8,20.0,1.585,1.4,0.5
2007-09-08,6826.0,11.2,18.9,1.653,1.8,0.0
2007-09-09,8640.0,10.4,18.5,1.39,1.5,0.0
2007-09-10,6307.0,11.6,17.0,1.471,3.5,5.2
2007-09-11,11923.0,9.1,17.9,1.4,1.9,0.0
2007-09-12,9590.0,7.3,18.1,1.36,0.8,0.0
2007-09-13,8467.0,6.3,18.0,1.24,1.0,0.0
2007-09-14,10454.0,4.7,19.7,1.32,2.2,0.0
2007-09-15,16416.0,5.5,18.1,1.12,1.1,0.0
2007-09-16,13910.0,9.3,21.2,1.43,2.9,0.0
2007-09-17,2678.0,11.1,15.7,1.55,2.0,5.6
2007-09-18,11491.0,6.9,14.8,1.1,2.1,5.2
2007-09-19,11491.0,5.7,16.1,1.1,3.6,0.1
2007-09-20,5616.0,12.1,17.3,1.46,4.3,1.7
2007-09-21,7862.0,11.2,20.4,1.48,2.8,0.0
2007-09-22,7430.0,8.2,19.9,1.51,1.0,0.0
2007-09-23,12787.0,7.4,22.5,1.58,1.5,0.0
2007-09-24,5875.0,10.5,19.0,1.51,3.3,2.6
2007-09-25,9331.0,8.5,16.4,1.23,2.8,2.5
2007-09-26,8899.0,5.0,14.1,1.15,1.4,0.4
2007-09-27,9418.0,4.9,16.5,1.16,2.4,3.4
2007-09-28,6739.0,11.5,16.9,1.46,2.0,6.4
2007-09-29,2074.0,11.6,13.6,1.42,2.8,3.0
2007-09-30,4925.0,7.0,15.8,1.33,2.2,0.2
2007-10-01,2506.0,5.5,12.7,1.24,1.8,1.6
2007-10-02,3110.0,11.2,13.7,1.38,1.9,0.0
2007-10-03,1555.0,12.1,15.9,1.58,1.6,7.8
2007-10-04,6048.0,6.4,17.3,1.46,1.7,0.0
2007-10-05,9158.0,3.4,17.5,1.18,0.8,0.0
2007-10-06,12960.0,3.6,17.3,1.13,2.0,0.0
2007-10-07,12010.0,2.6,19.3,1.05,0.8,0.0
2007-10-08,7344.0,3.9,16.4,1.18,0.7,0.0
2007-10-09,3024.0,9.6,14.0,1.33,1.5,0.0
2007-10-10,6998.0,9.1,17.2,1.31,1.4,0.0
2007-10-11,8986.0,4.8,15.3,1.19,1.1,0.0
2007-10-12,5962.0,10.0,18.2,1.42,1.8,0.0
2007-10-13,9850.0,4.1,16.5,1.16,1.1,0.0
2007-10-14,11146.0,7.0,17.6,1.08,2.0,0.0
2007-10-15,9072.0,7.2,18.7,1.3,2.2,0.0
2007-10-16,7776.0,10.6,16.8,1.36,2.6,0.0
2007-10-17,2160.0,6.5,14.1,1.3,2.7,2.8
2007-10-18,7603.0,4.7,12.8,0.97,1.8,0.6
2007-10-19,5875.0,3.7,12.1,0.93,1.0,0.0
2007-10-20,9504.0,-1.6,12.9,0.69,0.6,0.0
2007-10-21,3283.0,5.0,12.7,1.04,1.3,0.4
2007-10-22,9504.0,1.9,9.8,0.78,2.5,0.0
2007-10-23,9504.0,-0.9,9.3,0.68,2.5,0.0
2007-10-24,3629.0,3.0,10.6,0.91,3.1,0.0
2007-10-25,1987.0,6.9,9.9,1.0,2.7,0.0
2007-10-26,2938.0,7.4,10.4,0.96,1.8,0.0
2007-10-27,1901.0,7.3,10.0,1.03,1.8,0.0
2007-10-28,4234.0,8.2,11.8,1.07,4.0,2.5
2007-10-29,864.0,8.0,10.0,1.14,1.9,6.4
2007-10-30,5962.0,2.2,12.6,0.96,1.1,0.0
2007-10-31,4234.0,3.1,12.8,1.05,1.9,0.0
2007-11-01,1642.0,10.7,13.9,1.35,2.3,0.0
2007-11-02,1469.0,11.7,14.8,1.49,1.8,2.0
2007-11-03,1728.0,7.0,13.6,1.36,1.6,0.1
2007-11-04,2506.0,6.2,11.9,1.1,0.7,0.0
2007-11-05,1728.0,7.5,11.6,1.12,2.7,3.9
2007-11-06,5270.0,4.6,10.8,0.93,3.1,0.1
2007-11-07,1123.0,7.3,12.3,1.14,4.4,1.1
2007-11-08,2506.0,5.7,12.0,1.11,3.8,10.1
2007-11-09,4925.0,3.0,8.0,0.8,4.2,5.1
2007-11-10,3974.0,5.2,10.4,1.02,3.5,34.2
2007-11-11,3370.0,2.9,11.1,0.99,4.7,10.2
2007-11-12,4666.0,2.3,9.9,0.76,2.8,0.1
2007-11-13,950.0,2.4,5.4,0.8,2.9,3.1
2007-11-14,4493.0,-0.5,5.8,0.68,1.3,0.0
2007-11-15,5616.0,-3.6,5.9,0.6,1.0,0.0
2007-11-16,2765.0,-1.2,6.3,0.75,1.3,0.0
2007-11-17,4493.0,0.5,8.8,0.72,1.5,0.0
2007-11-18,4493.0,-0.7,7.2,0.71,3.1,0.0
2007-11-19,1728.0,2.3,5.6,0.75,3.5,0.0
2007-11-20,2851.0,4.4,10.5,0.87,3.6,1.0
2007-11-21,691.0,5.8,11.2,1.0,2.9,0.2
2007-11-22,4579.0,4.6,12.8,1.0,2.3,0.0
2007-11-23,1814.0,0.8,7.6,0.82,1.7,1.2
2007-11-24,2938.0,-1.9,7.6,0.74,2.7,0.8
2007-11-25,2592.0,2.9,8.6,0.88,3.8,6.2
2007-11-26,2678.0,1.8,7.4,0.73,2.2,0.3
2007-11-27,2678.0,1.4,7.1,0.8,1.2,0.0
2007-11-28,1037.0,4.2,6.8,0.81,3.2,0.1
2007-11-29,518.0,3.1,7.2,0.88,4.1,3.2
2007-11-30,605.0,2.6,9.1,0.97,4.2,7.7
2007-12-01,4061.0,7.0,10.3,1.01,6.4,6.5
2007-12-02,432.0,6.4,11.4,1.06,6.9,17.1
2007-12-03,2419.0,3.5,8.4,0.9,4.7,5.4
2007-12-04,1469.0,2.7,10.5,0.95,3.2,0.5
2007-12-05,950.0,9.9,12.7,1.25,5.8,1.3
2007-12-06,518.0,7.5,12.9,1.204,5.3,17.9
2007-12-07,1987.0,6.5,14.0,1.08,7.5,10.3
2007-12-08,2074.0,3.7,7.7,0.883,5.1,11.5
2007-12-09,3283.0,6.4,9.1,0.975,4.5,6.0
2007-12-10,1814.0,3.2,7.8,0.914,2.2,0.8
2007-12-11,2678.0,-0.2,6.9,0.779,2.0,0.1
2007-12-12,864.0,-0.7,4.8,0.74,0.7,0.1
2007-12-13,1123.0,-3.7,3.4,0.64,1.0,0.0
2007-12-14,1728.0,-4.8,2.3,0.59,1.3,0.0
2007-12-15,2592.0,-1.0,4.4,0.61,2.3,0.0
2007-12-16,3542.0,-3.1,3.0,0.51,2.2,0.0
2007-12-17,1382.0,-2.1,1.2,0.54,3.5,0.0
2007-12-18,2419.0,-2.9,0.8,0.54,2.6,0.0
2007-12-19,3197.0,-4.1,0.6,0.49,1.6,0.0
2007-12-20,950.0,-4.6,-3.0,0.46,1.9,0.0
2007-12-21,950.0,-5.2,-3.3,0.44,1.5,0.0
2007-12-22,3370.0,-7.1,0.8,0.49,1.6,0.0
2007-12-23,2246.0,-2.0,5.8,0.69,1.0,0.0
2007-12-24,1382.0,-0.3,3.3,0.67,2.7,0.0
2007-12-25,1987.0,1.0,4.8,0.71,3.9,0.1
2007-12-26,950.0,2.9,4.9,0.8,2.5,0.7
2007-12-27,778.0,2.6,7.3,0.84,4.0,0.0
2007-12-28,2938.0,4.7,8.5,0.94,4.8,0.0
2007-12-29,2419.0,3.4,8.7,0.87,5.4,2.0
2007-12-30,1642.0,1.1,7.9,0.85,3.2,1.5
2007-12-31,1469.0,-0.8,6.0,0.78,0.8,0.0
2008-01-01,1123.0,-0.7,3.7,0.64,2.4,0.0
2008-01-02,3715.0,-2.1,2.0,0.56,3.8,0.0
2008-01-03,1814.0,-0.6,1.6,0.55,4.9,0.2
2008-01-04,1469.0,1.1,5.6,0.67,4.8,0.8
2008-01-05,1555.0,4.4,8.6,0.93,4.5,8.6
2008-01-06,3629.0,1.7,7.2,0.78,2.4,0.2
2008-01-07,2246.0,3.8,8.6,0.87,6.4,3.2
2008-01-08,1469.0,3.3,7.4,0.87,4.3,0.0
2008-01-09,1901.0,3.2,8.6,0.88,4.7,0.1
2008-01-10,2506.0,4.2,10.4,0.95,5.4,0.4
2008-01-11,950.0,8.7,11.8,1.13,4.5,7.2
2008-01-12,1814.0,3.1,8.8,0.86,4.5,1.8
2008-01-13,2246.0,2.6,8.9,0.79,4.2,0.0
2008-01-14,3110.0,2.4,9.1,0.88,5.1,0.1
2008-01-15,691.0,7.3,9.5,1.02,7.1,5.1
2008-01-16,3110.0,3.3,9.5,0.94,4.0,0.0
2008-01-17,1210.0,2.4,9.5,0.92,4.4,3.6
2008-01-18,1037.0,7.5,12.4,1.13,5.9,8.4
2008-01-19,346.0,9.5,12.9,1.303,5.9,20.1
2008-01-20,346.0,10.3,12.5,1.324,7.2,3.8
2008-01-21,864.0,8.5,10.9,1.164,7.5,13.4
2008-01-22,4925.0,1.0,9.3,0.77,2.4,3.5
2008-01-23,778.0,1.8,9.2,0.9,3.7,1.2
2008-01-24,518.0,1.8,10.0,1.01,4.1,2.3
2008-01-25,3802.0,2.1,9.2,0.86,5.2,0.0
2008-01-26,4493.0,6.2,10.5,0.99,6.0,0.0
2008-01-27,2592.0,7.1,9.6,1.03,4.6,0.4
2008-01-28,1382.0,6.8,8.8,1.0,1.9,0.0
2008-01-29,950.0,5.0,7.1,0.87,2.6,0.0
2008-01-30,1555.0,0.7,6.2,0.79,2.5,3.4
2008-01-31,1901.0,1.0,7.1,0.75,7.3,2.9
2008-02-01,2765.0,2.7,6.9,0.76,7.0,0.5
2008-02-02,5098.0,0.4,5.6,0.63,4.3,6.4
2008-02-03,5530.0,0.6,5.0,0.56,4.7,0.0
2008-02-04,1555.0,3.0,7.8,0.78,4.2,0.2
2008-02-05,1123.0,3.4,11.0,0.99,5.8,5.0
2008-02-06,2333.0,1.5,10.4,0.96,4.6,1.9
2008-02-07,4493.0,0.4,8.0,0.74,1.9,0.1
2008-02-08,7344.0,2.9,11.5,0.67,2.1,0.0
2008-02-09,7603.0,2.3,12.7,0.6,2.2,0.0
2008-02-10,7171.0,0.1,12.5,0.62,1.5,0.0
2008-02-11,7517.0,-1.6,13.6,0.68,1.2,0.0
2008-02-12,7776.0,-2.1,13.6,0.68,1.2,0.0
2008-02-13,2419.0,-0.3,4.4,0.7,1.6,0.0
2008-02-14,1642.0,0.4,5.1,0.75,1.9,0.0
2008-02-15,8899.0,-1.3,5.0,0.51,3.4,0.0
2008-02-16,9072.0,-3.2,3.6,0.41,2.7,0.0
2008-02-17,9158.0,-4.4,7.6,0.44,1.4,0.0
2008-02-18,6134.0,-5.8,5.1,0.58,0.7,0.0
2008-02-19,4061.0,-2.7,5.0,0.67,1.4,0.0
2008-02-20,6826.0,-1.6,7.2,0.68,1.6,0.0
2008-02-21,2160.0,1.1,9.9,0.96,4.2,0.3
2008-02-22,1901.0,8.7,11.0,1.15,6.9,0.4
2008-02-23,4493.0,4.3,11.4,1.02,3.3,0.0
2008-02-24,3110.0,8.2,10.8,1.0,2.8,2.5
2008-02-25,9936.0,2.3,10.6,0.9,2.6,2.2
2008-02-26,2074.0,6.2,12.0,1.11,5.4,5.9
2008-02-27,9245.0,2.9,10.3,0.82,4.0,0.0
2008-02-28,6826.0,1.5,11.2,0.84,1.5,0.0
2008-02-29,5098.0,1.5,9.7,0.94,4.3,10.6
2008-03-01,5530.0,7.5,10.8,0.88,8.6,4.6
2008-03-02,8122.0,4.9,11.5,0.92,6.4,1.5
2008-03-03,8899.0,1.5,8.0,0.71,4.8,0.0
2008-03-04,9763.0,-2.6,7.9,0.65,2.6,1.4
2008-03-05,11405.0,-2.9,7.6,0.57,2.4,0.3
2008-03-06,2333.0,4.1,8.2,0.94,4.4,0.8
2008-03-07,3283.0,3.3,10.2,0.94,2.9,1.0
2008-03-08,9072.0,1.0,10.5,0.76,4.0,0.1
2008-03-09,2246.0,5.8,9.2,0.98,4.7,3.6
2008-03-10,3542.0,4.2,8.5,0.81,6.8,2.5
2008-03-11,3542.0,4.8,11.1,0.95,6.9,8.6
2008-03-12,2333.0,4.0,9.3,0.8,8.3,4.2
2008-03-13,9763.0,5.0,10.3,0.85,5.5,0.0
2008-03-14,12442.0,2.2,10.9,0.84,3.1,0.7
2008-03-15,6998.0,1.8,13.1,0.99,2.3,0.0
2008-03-16,2851.0,5.3,10.5,1.06,3.1,14.7
2008-03-17,6221.0,-0.3,8.2,0.72,2.7,0.0
2008-03-18,12442.0,-0.6,8.3,0.67,2.5,0.6
2008-03-19,12442.0,0.3,8.2,0.71,2.8,1.0
2008-03-20,6134.0,0.4,8.5,0.8,5.0,19.7
2008-03-21,6653.0,0.5,6.7,0.75,3.8,11.2
2008-03-22,7171.0,-2.7,6.3,0.64,2.6,0.5
2008-03-23,14256.0,-4.8,6.1,0.54,1.7,0.3
2008-03-24,11578.0,-1.0,5.1,0.63,2.7,2.1
2008-03-25,11578.0,-2.0,5.1,0.63,4.2,3.0
2008-03-26,6048.0,0.8,5.7,0.73,1.8,0.3
2008-03-27,8726.0,-1.5,9.4,0.82,2.2,0.1
2008-03-28,7949.0,3.6,10.6,0.9,4.5,4.7
2008-03-29,12442.0,6.1,12.6,0.85,5.8,1.0
2008-03-30,4061.0,8.6,12.7,0.97,3.9,7.7
2008-03-31,12355.0,3.0,13.9,0.99,2.0,0.1
2008-04-01,7171.0,4.7,12.0,1.05,3.6,3.0
2008-04-02,7258.0,3.4,11.1,0.95,3.6,0.2
2008-04-03,8035.0,5.0,10.2,0.95,3.1,0.5
2008-04-04,4925.0,4.7,11.3,1.04,2.0,0.0
2008-04-05,3024.0,1.3,8.8,0.96,1.9,13.5
2008-04-06,15638.0,-1.7,8.2,0.59,2.0,5.0
2008-04-07,17626.0,-3.5,9.6,0.59,1.6,0.0
2008-04-08,18835.0,-0.6,10.5,0.6,1.7,0.0
2008-04-09,16502.0,-1.8,12.0,0.56,1.1,0.0
2008-04-10,16848.0,-2.7,13.4,0.64,1.5,0.0
2008-04-11,15120.0,0.6,12.5,0.78,2.0,0.0
2008-04-12,12096.0,4.0,13.2,0.87,3.4,0.4
2008-04-13,15034.0,4.1,12.7,0.94,2.3,0.5
2008-04-14,12182.0,2.1,11.4,0.85,1.8,0.0
2008-04-15,12182.0,-2.1,10.5,0.72,1.7,0.5
2008-04-16,11923.0,-3.7,9.6,0.62,1.5,0.0
2008-04-17,19267.0,-2.9,11.6,0.59,2.7,0.0
2008-04-18,18749.0,4.6,12.6,0.79,4.9,0.0
2008-04-19,16330.0,5.2,13.3,0.9,4.6,0.5
2008-04-20,19699.0,8.4,16.6,1.0,4.1,0.0
2008-04-21,20995.0,6.5,18.1,0.91,4.2,0.0
2008-04-22,19354.0,7.2,17.5,0.89,3.4,0.0
2008-04-23,17107.0,10.1,19.9,1.09,2.8,5.7
2008-04-24,13219.0,7.6,17.6,1.2,2.9,1.0
2008-04-25,19354.0,6.2,15.8,1.1,2.8,0.0
2008-04-26,18058.0,8.5,20.0,1.13,2.2,0.0
2008-04-27,19267.0,10.6,22.2,1.02,3.4,0.0
2008-04-28,5011.0,9.4,16.1,1.24,2.1,4.5
2008-04-29,12442.0,8.8,15.3,1.11,3.4,4.2
2008-04-30,12182.0,8.0,16.3,1.05,4.8,0.2
2008-05-01,17107.0,6.5,14.5,1.05,3.2,0.2
2008-05-02,18576.0,4.8,16.6,0.98,1.5,0.0
2008-05-03,23760.0,1.9,19.6,0.84,2.1,0.0
2008-05-04,25142.0,11.1,21.3,0.81,3.3,0.0
2008-05-05,25920.0,6.2,21.6,0.83,3.1,0.0
2008-05-06,26093.0,7.2,24.0,1.12,2.9,0.0
2008-05-07,25056.0,10.6,24.4,1.07,2.4,0.0
2008-05-08,25834.0,11.5,24.8,1.04,2.7,0.0
2008-05-09,25574.0,12.5,26.3,1.06,3.0,0.0
2008-05-10,25834.0,12.2,26.9,1.11,2.7,0.0
2008-05-11,26438.0,9.9,26.2,0.97,3.1,0.0
2008-05-12,25834.0,6.8,26.3,0.94,2.5,0.0
2008-05-13,22896.0,10.6,26.9,1.17,2.4,0.0
2008-05-14,16762.0,12.1,26.9,1.39,2.2,4.0
2008-05-15,17021.0,13.4,23.0,1.56,1.4,1.0
2008-05-16,6826.0,11.5,16.5,1.51,1.3,13.8
2008-05-17,3456.0,9.4,12.3,1.27,1.8,7.4
2008-05-18,22810.0,6.8,15.4,0.9,2.0,0.0
2008-05-19,15293.0,1.2,14.9,0.78,1.5,0.0
2008-05-20,27389.0,3.2,17.2,0.77,2.5,0.0
2008-05-21,28339.0,7.2,19.5,0.89,2.5,0.0
2008-05-22,20131.0,9.2,21.0,1.04,1.7,0.0
2008-05-23,23933.0,12.1,22.6,0.95,2.6,0.0
2008-05-24,25142.0,8.4,23.2,1.09,3.8,0.0
2008-05-25,10886.0,12.2,18.6,1.48,3.0,2.6
2008-05-26,8294.0,12.7,16.7,1.5,3.9,0.8
2008-05-27,13738.0,12.6,22.6,1.758,3.7,0.2
2008-05-28,13046.0,11.6,24.6,1.754,3.1,0.1
2008-05-29,9158.0,11.2,22.1,1.787,1.3,5.8
2008-05-30,12096.0,12.6,20.1,1.81,2.0,0.5
2008-05-31,15725.0,11.6,19.6,1.616,1.7,17.9
2008-06-01,15811.0,13.1,24.5,1.773,1.3,0.0
2008-06-02,24019.0,14.2,30.2,1.849,2.2,17.8
2008-06-03,16502.0,14.4,23.7,2.03,2.2,11.9
2008-06-04,13824.0,12.5,21.4,1.837,1.3,0.0
2008-06-05,10368.0,14.7,21.2,1.84,1.7,0.5
2008-06-06,26784.0,14.2,25.8,1.46,2.0,0.0
2008-06-07,18922.0,13.3,22.2,1.76,1.9,0.0
2008-06-08,20218.0,13.4,25.9,1.89,1.3,13.5
2008-06-09,26698.0,10.6,26.4,1.51,1.3,0.0
2008-06-10,23414.0,10.0,23.5,1.54,2.1,0.0
2008-06-11,14515.0,8.2,18.3,1.21,2.2,0.0
2008-06-12,7517.0,7.3,14.3,1.26,1.3,5.1
2008-06-13,13306.0,6.6,15.7,1.12,2.0,0.2
2008-06-14,11837.0,7.7,15.7,1.25,1.1,6.3
2008-06-15,18490.0,6.4,17.2,1.21,1.8,4.7
2008-06-16,21773.0,3.9,17.4,1.01,1.3,0.0
2008-06-17,27734.0,3.7,20.8,1.0,1.1,0.0
2008-06-18,23674.0,9.1,20.7,1.24,2.4,0.0
2008-06-19,12614.0,12.0,20.2,1.44,3.7,0.6
2008-06-20,20045.0,11.0,20.3,1.28,3.4,0.0
2008-06-21,22378.0,12.9,22.4,1.53,2.1,0.0
2008-06-22,20822.0,13.7,27.1,1.85,4.4,4.6
2008-06-23,24106.0,9.8,19.1,1.26,3.6,0.0
2008-06-24,28253.0,5.9,22.1,1.07,2.3,0.0
2008-06-25,17971.0,13.5,24.0,1.41,3.4,0.0
2008-06-26,24538.0,11.9,21.9,1.39,3.0,0.0
2008-06-27,22810.0,12.5,20.6,1.4,5.0,2.6
2008-06-28,14602.0,14.1,22.7,1.77,4.2,2.7
2008-06-29,19872.0,13.3,21.3,1.56,3.2,0.0
2008-06-30,20563.0,11.5,22.8,1.49,1.6,0.0
2008-07-01,28944.0,8.8,27.4,1.31,1.4,0.0
2008-07-02,20909.0,16.0,31.5,2.02,2.5,6.8
2008-07-03,6134.0,14.5,20.7,1.96,2.0,2.9
2008-07-04,18230.0,10.1,21.5,1.46,2.2,0.1
2008-07-05,20477.0,7.2,24.0,1.5,2.2,0.0
2008-07-06,21427.0,14.2,21.8,1.5,3.4,0.2
2008-07-07,11837.0,13.7,18.2,1.56,4.7,9.3
2008-07-08,15120.0,11.4,19.4,1.53,5.0,7.4
2008-07-09,13824.0,11.0,18.8,1.58,3.5,10.7
2008-07-10,5530.0,14.7,20.1,1.91,3.1,19.0
2008-07-11,12355.0,13.4,19.6,1.74,2.8,9.6
2008-07-12,16762.0,10.3,18.4,1.43,3.9,2.9
2008-07-13,19354.0,9.3,19.9,1.39,2.0,0.0
2008-07-14,22982.0,8.7,22.2,1.4,2.4,0.0
2008-07-15,9936.0,13.8,19.1,1.8,3.3,0.0
2008-07-16,17453.0,12.9,20.1,1.55,2.9,0.3
2008-07-17,6394.0,13.0,16.8,1.58,2.2,9.9
2008-07-18,8467.0,12.9,19.4,1.69,3.2,2.1
2008-07-19,10368.0,12.6,19.8,1.75,4.4,5.3
2008-07-20,16416.0,10.5,17.7,1.38,2.4,2.7
2008-07-21,7430.0,11.4,16.7,1.47,4.4,5.9
2008-07-22,20390.0,12.6,21.1,1.54,2.1,0.2
2008-07-23,11232.0,11.7,21.0,1.83,1.0,0.0
2008-07-24,27216.0,10.0,25.9,1.49,2.7,0.0
2008-07-25,22464.0,17.8,28.0,1.85,2.6,0.0
2008-07-26,15638.0,17.1,29.6,2.272,1.6,18.8
2008-07-27,22550.0,16.0,28.8,2.329,1.1,0.1
2008-07-28,20131.0,20.2,29.9,2.618,1.5,0.0
2008-07-29,14947.0,15.9,25.2,2.25,2.0,0.8
2008-07-30,23069.0,14.5,27.3,1.907,2.4,0.0
2008-07-31,23242.0,18.0,30.2,2.161,2.1,0.0
2008-08-01,18403.0,15.1,24.4,1.897,3.0,2.7
2008-08-02,17280.0,13.6,24.0,1.744,2.9,0.7
2008-08-03,10541.0,16.6,22.0,2.01,3.5,3.9
2008-08-04,21859.0,15.2,21.1,1.687,4.6,0.5
2008-08-05,15811.0,14.6,23.2,1.85,2.5,0.0
2008-08-06,21082.0,17.0,27.7,2.18,1.7,0.2
2008-08-07,8986.0,15.7,23.0,2.211,2.4,21.3
2008-08-08,11664.0,11.5,20.5,1.79,2.8,13.9
2008-08-09,19872.0,10.6,21.6,1.56,3.0,1.4
2008-08-10,11318.0,14.3,22.1,1.75,4.2,1.3
2008-08-11,14342.0,13.0,21.2,1.67,2.8,0.0
2008-08-12,13133.0,13.2,22.5,1.65,3.7,3.7
2008-08-13,17194.0,13.2,20.2,1.56,6.5,1.0
2008-08-14,16502.0,8.0,19.8,1.49,3.2,0.2
2008-08-15,20218.0,7.1,21.3,1.28,1.3,0.1
2008-08-16,20390.0,6.0,22.8,1.2,1.4,0.0
2008-08-17,11146.0,14.1,22.7,1.54,2.4,9.6
2008-08-18,6307.0,13.9,19.7,1.8,2.3,12.4
2008-08-19,11750.0,14.5,21.2,1.75,3.9,2.2
2008-08-20,7690.0,13.7,19.5,1.77,4.0,6.6
2008-08-21,11146.0,13.7,20.3,1.75,3.0,0.0
2008-08-22,6307.0,10.2,19.0,1.65,1.5,3.2
2008-08-23,14947.0,9.5,19.0,1.45,2.0,2.9
2008-08-24,12269.0,10.6,19.5,1.48,2.5,1.0
2008-08-25,13478.0,14.1,21.5,1.73,3.2,0.0
2008-08-26,6048.0,16.0,20.0,1.87,3.0,0.0
2008-08-27,3024.0,15.5,17.5,1.81,2.7,0.0
2008-08-28,3888.0,15.9,19.5,1.89,2.0,0.0
2008-08-29,13651.0,12.3,23.6,1.9,1.9,0.0
2008-08-30,20131.0,9.7,24.8,1.65,2.4,0.0
2008-08-31,17712.0,15.6,27.4,2.01,2.5,0.1
2008-09-01,11664.0,13.4,20.2,1.61,3.5,0.0
2008-09-02,5789.0,11.5,20.6,1.63,3.9,8.6
2008-09-03,8467.0,11.1,17.1,1.47,3.9,12.7
2008-09-04,15206.0,12.0,18.8,1.35,4.5,0.0
2008-09-05,6134.0,12.5,19.7,1.74,3.3,3.7
2008-09-06,11146.0,14.8,20.3,1.61,4.2,0.0
2008-09-07,5875.0,14.2,16.8,1.64,4.5,2.4
2008-09-08,7603.0,11.6,19.0,1.59,3.0,0.1
2008-09-09,17366.0,11.0,23.8,1.6,2.2,1.4
2008-09-10,13046.0,14.9,23.2,1.87,2.1,0.0
2008-09-11,15638.0,15.5,27.0,1.98,2.4,2.9
2008-09-12,4320.0,14.3,21.1,1.837,2.0,39.9
2008-09-13,6739.0,8.7,16.2,1.364,2.0,1.9
2008-09-14,15206.0,6.7,17.0,1.086,2.7,0.0
2008-09-15,15811.0,7.8,16.2,1.11,2.5,0.0
2008-09-16,8467.0,7.5,17.1,1.21,1.5,0.0
2008-09-17,7344.0,5.1,15.7,1.21,1.2,0.0
2008-09-18,15638.0,3.2,16.5,0.85,1.6,0.0
2008-09-19,13392.0,2.5,17.0,0.89,1.3,0.0
2008-09-20,15552.0,2.4,17.5,0.96,1.3,0.0
2008-09-21,8554.0,3.6,17.7,1.23,0.9,0.0
2008-09-22,10541.0,8.2,17.4,1.2,1.4,0.0
2008-09-23,3456.0,11.3,15.0,1.42,1.2,2.6
2008-09-24,5443.0,8.3,16.5,1.4,2.2,0.0
2008-09-25,14083.0,5.4,17.9,1.18,2.2,0.0
2008-09-26,13651.0,3.4,18.4,1.03,1.5,0.0
2008-09-27,13997.0,2.5,20.9,1.0,0.6,0.0
2008-09-28,11059.0,3.1,18.4,1.18,1.1,0.0
2008-09-29,6912.0,7.8,14.8,1.26,2.1,3.7
2008-09-30,3629.0,10.4,14.1,1.36,5.1,19.5
2008-10-01,5789.0,8.5,14.9,1.32,5.7,9.7
2008-10-02,7258.0,6.5,12.6,1.09,4.4,7.8
2008-10-03,8381.0,4.8,12.2,0.99,2.3,1.1
2008-10-04,6998.0,4.5,11.3,0.93,4.1,0.2
2008-10-05,1469.0,9.1,12.2,1.29,5.1,15.8
2008-10-06,3715.0,9.9,14.2,1.33,1.0,0.0
2008-10-07,5270.0,10.6,16.9,1.59,2.5,1.6
2008-10-08,5962.0,6.0,16.1,1.41,1.8,2.2
2008-10-09,9504.0,3.0,17.1,1.07,0.6,0.0
2008-10-10,9936.0,5.5,16.3,1.15,1.5,0.0
2008-10-11,10109.0,8.5,18.8,1.42,1.4,0.0
2008-10-12,6394.0,10.8,16.5,1.45,1.7,0.0
2008-10-13,8726.0,10.2,21.5,1.66,2.4,0.0
2008-10-14,9072.0,12.6,17.5,1.51,1.9,0.0
2008-10-15,2506.0,11.3,15.8,1.53,3.7,2.4
2008-10-16,5184.0,6.6,14.1,1.16,3.4,0.8
2008-10-17,8122.0,5.4,13.9,1.06,2.1,0.9
2008-10-18,6998.0,4.4,13.9,1.07,2.5,0.0
2008-10-19,5530.0,7.5,14.3,1.19,2.5,0.0
2008-10-20,9418.0,6.8,18.2,1.25,3.7,0.0
2008-10-21,4061.0,6.2,15.7,1.19,3.1,5.9
2008-10-22,6048.0,5.4,13.0,1.0,1.7,0.0
2008-10-23,8294.0,4.6,13.8,1.03,3.0,0.0
2008-10-24,1642.0,5.4,10.7,1.1,2.8,4.7
2008-10-25,8122.0,2.4,13.6,1.01,2.3,0.0
2008-10-26,950.0,9.9,12.8,1.34,4.6,7.9
2008-10-27,5702.0,2.6,12.4,1.0,2.1,0.2
2008-10-28,5443.0,-0.7,9.0,0.8,1.8,0.6
2008-10-29,6134.0,-2.8,9.0,0.675,1.0,0.1
2008-10-30,3974.0,-2.9,6.2,0.724,1.6,0.1
2008-10-31,3197.0,2.9,7.4,0.847,1.9,0.0
2008-11-01,1469.0,5.1,8.1,0.96,3.0,4.5
2008-11-02,4147.0,5.2,12.8,1.12,2.0,0.0
2008-11-03,950.0,3.6,9.5,1.09,2.4,0.0
2008-11-04,1987.0,3.5,9.0,1.0,1.4,0.0
2008-11-05,691.0,7.5,10.3,1.16,2.2,0.3
2008-11-06,3715.0,8.1,13.5,1.23,1.8,0.0
2008-11-07,3370.0,4.8,12.9,1.12,2.5,0.3
2008-11-08,6048.0,6.0,12.7,1.06,3.3,0.0
2008-11-09,3802.0,8.4,11.2,1.08,5.0,4.0
2008-11-10,1814.0,9.8,15.4,1.37,6.4,13.7
2008-11-11,3283.0,6.8,11.3,1.1,4.9,16.4
2008-11-12,4234.0,6.1,11.3,1.03,4.0,0.3
2008-11-13,4320.0,4.9,11.7,0.98,1.9,0.1
2008-11-14,605.0,7.4,10.7,1.14,3.8,1.3
2008-11-15,691.0,9.9,11.8,1.28,3.8,1.4
2008-11-16,1814.0,2.4,10.8,1.0,2.1,0.0
2008-11-17,3110.0,1.5,10.3,0.78,1.4,0.0
2008-11-18,691.0,4.8,9.0,0.942,2.8,1.2
2008-11-19,2246.0,5.2,10.4,1.072,3.6,0.0
2008-11-20,1901.0,6.5,11.5,1.1,5.1,6.0
2008-11-21,3110.0,0.6,8.3,0.787,4.6,12.0
2008-11-22,4147.0,-0.1,4.5,0.632,3.2,8.1
2008-11-23,1642.0,0.0,1.6,0.637,3.7,3.6
2008-11-24,2419.0,-2.3,2.1,0.62,2.0,5.8
2008-11-25,2851.0,-2.4,6.5,0.67,0.9,1.1
2008-11-26,1901.0,-2.9,7.1,0.8,2.3,1.2
2008-11-27,518.0,4.3,6.6,0.9,4.5,0.0
2008-11-28,1037.0,2.2,4.3,0.75,3.1,0.0
2008-11-29,2506.0,-3.1,3.2,0.69,1.9,0.3
2008-11-30,432.0,-4.1,3.6,0.65,2.0,7.2
2008-12-01,2765.0,2.5,6.2,0.8,1.1,0.1
2008-12-02,1469.0,1.4,5.0,0.75,2.9,3.0
2008-12-03,2246.0,0.8,4.6,0.71,2.4,0.2
2008-12-04,950.0,0.6,5.3,0.72,4.0,4.8
2008-12-05,1469.0,3.7,6.8,0.89,2.1,0.8
2008-12-06,2160.0,2.8,8.6,0.86,1.3,0.1
2008-12-07,3629.0,0.4,8.2,0.77,1.3,0.0
2008-12-08,2506.0,-0.4,3.3,0.66,1.5,0.1
2008-12-09,518.0,-0.7,3.7,0.65,1.9,3.1
2008-12-10,3629.0,-1.6,5.1,0.7,1.6,0.5
2008-12-11,518.0,0.6,3.7,0.74,2.9,1.1
2008-12-12,1469.0,-0.9,2.8,0.66,3.4,0.0
2008-12-13,3024.0,-2.2,1.0,0.56,4.5,0.0
2008-12-14,1987.0,-0.4,4.9,0.66,3.2,0.0
2008-12-15,432.0,-0.2,4.0,0.73,2.3,0.0
2008-12-16,1123.0,-1.1,2.0,0.63,1.5,0.0
2008-12-17,518.0,0.5,4.3,0.71,1.7,0.4
2008-12-18,691.0,0.3,7.7,0.81,2.7,0.0
2008-12-19,3456.0,2.3,8.0,0.89,3.2,2.9
2008-12-20,778.0,4.6,10.0,1.05,4.5,1.9
2008-12-21,691.0,6.3,9.5,1.074,4.0,0.6
2008-12-22,1987.0,1.7,10.6,1.012,2.9,0.4
2008-12-23,1382.0,2.7,5.8,0.84,1.3,0.0
2008-12-24,605.0,2.5,7.4,0.93,1.8,0.0
2008-12-25,950.0,1.0,6.0,0.75,2.6,0.0
2008-12-26,3715.0,-2.6,1.4,0.52,3.4,0.0
2008-12-27,3542.0,-4.1,0.3,0.49,3.0,0.0
2008-12-28,3024.0,-4.2,-0.1,0.49,2.9,0.0
2008-12-29,3542.0,-5.4,0.3,0.45,2.5,0.0
2008-12-30,3370.0,-7.7,2.0,0.43,1.5,0.0
2008-12-31,3110.0,-9.4,-2.3,0.39,1.2,0.0
